#include <pico/platform.h>

const unsigned char __in_flash() __aligned(4096) ATARIXL_ROM[16384] = { 
  0x11, 0x92, 0x10, 0x05, 0x83, 0x00, 0x42, 0x42, 0x00, 0x00, 0x01, 0x02, 0xA9, 0x40, 0x8D, 0x0E // 0x00000000 
, 0xD4, 0xAD, 0x13, 0xD0, 0x8D, 0xFA, 0x03, 0x60, 0x2C, 0x0F, 0xD4, 0x10, 0x03, 0x6C, 0x00, 0x02 // 0x00000010 
, 0xD8, 0x48, 0x8A, 0x48, 0x98, 0x48, 0x8D, 0x0F, 0xD4, 0x6C, 0x22, 0x02, 0xD8, 0x6C, 0x16, 0x02 // 0x00000020 
, 0x48, 0xAD, 0x0E, 0xD2, 0x29, 0x20, 0xD0, 0x0D, 0xA9, 0xDF, 0x8D, 0x0E, 0xD2, 0xA5, 0x10, 0x8D // 0x00000030 
, 0x0E, 0xD2, 0x6C, 0x0A, 0x02, 0x8A, 0x48, 0xAD, 0xFF, 0xD1, 0x2D, 0x49, 0x02, 0xF0, 0x03, 0x6C // 0x00000040 
, 0x38, 0x02, 0xA2, 0x06, 0xBD, 0xCF, 0xC0, 0xE0, 0x05, 0xD0, 0x04, 0x25, 0x10, 0xF0, 0x05, 0x2C // 0x00000050 
, 0x0E, 0xD2, 0xF0, 0x06, 0xCA, 0x10, 0xED, 0x4C, 0xA0, 0xC0, 0x49, 0xFF, 0x8D, 0x0E, 0xD2, 0xA5 // 0x00000060 
, 0x10, 0x8D, 0x0E, 0xD2, 0xE0, 0x00, 0xD0, 0x05, 0xAD, 0x6D, 0x02, 0xD0, 0x23, 0xBD, 0xD7, 0xC0 // 0x00000070 
, 0xAA, 0xBD, 0x00, 0x02, 0x8D, 0x8C, 0x02, 0xBD, 0x01, 0x02, 0x8D, 0x8D, 0x02, 0x68, 0xAA, 0x6C // 0x00000080 
, 0x8C, 0x02, 0xA9, 0x00, 0x85, 0x11, 0x8D, 0xFF, 0x02, 0x8D, 0xF0, 0x02, 0x85, 0x4D, 0x68, 0x40 // 0x00000090 
, 0x68, 0xAA, 0x2C, 0x02, 0xD3, 0x10, 0x06, 0xAD, 0x00, 0xD3, 0x6C, 0x02, 0x02, 0x2C, 0x03, 0xD3 // 0x000000A0 
, 0x10, 0x06, 0xAD, 0x01, 0xD3, 0x6C, 0x04, 0x02, 0x68, 0x8D, 0x8C, 0x02, 0x68, 0x48, 0x29, 0x10 // 0x000000B0 
, 0xF0, 0x07, 0xAD, 0x8C, 0x02, 0x48, 0x6C, 0x06, 0x02, 0xAD, 0x8C, 0x02, 0x48, 0x68, 0x40, 0x80 // 0x000000C0 
, 0x40, 0x04, 0x02, 0x01, 0x08, 0x10, 0x20, 0x36, 0x08, 0x14, 0x12, 0x10, 0x0E, 0x0C, 0x0A, 0x4C // 0x000000D0 
, 0xDF, 0xC0, 0xE6, 0x14, 0xD0, 0x08, 0xE6, 0x4D, 0xE6, 0x13, 0xD0, 0x02, 0xE6, 0x12, 0xA9, 0xFE // 0x000000E0 
, 0xA2, 0x00, 0xA4, 0x4D, 0x10, 0x06, 0x85, 0x4D, 0xA6, 0x13, 0xA9, 0xF6, 0x85, 0x4E, 0x86, 0x4F // 0x000000F0 
, 0xAD, 0xC5, 0x02, 0x45, 0x4F, 0x25, 0x4E, 0x8D, 0x17, 0xD0, 0xA2, 0x00, 0x20, 0x55, 0xC2, 0xD0 // 0x00000100 
, 0x03, 0x20, 0x4F, 0xC2, 0xA5, 0x42, 0xD0, 0x08, 0xBA, 0xBD, 0x04, 0x01, 0x29, 0x04, 0xF0, 0x03 // 0x00000110 
, 0x4C, 0x8A, 0xC2, 0xAD, 0x13, 0xD0, 0xCD, 0xFA, 0x03, 0xD0, 0xB4, 0xAD, 0x0D, 0xD4, 0x8D, 0x35 // 0x00000120 
, 0x02, 0xAD, 0x0C, 0xD4, 0x8D, 0x34, 0x02, 0xAD, 0x31, 0x02, 0x8D, 0x03, 0xD4, 0xAD, 0x30, 0x02 // 0x00000130 
, 0x8D, 0x02, 0xD4, 0xAD, 0x2F, 0x02, 0x8D, 0x00, 0xD4, 0xAD, 0x6F, 0x02, 0x8D, 0x1B, 0xD0, 0xAD // 0x00000140 
, 0x6C, 0x02, 0xF0, 0x0E, 0xCE, 0x6C, 0x02, 0xA9, 0x08, 0x38, 0xED, 0x6C, 0x02, 0x29, 0x07, 0x8D // 0x00000150 
, 0x05, 0xD4, 0xA2, 0x08, 0x8E, 0x1F, 0xD0, 0x58, 0xBD, 0xC0, 0x02, 0x45, 0x4F, 0x25, 0x4E, 0x9D // 0x00000160 
, 0x12, 0xD0, 0xCA, 0x10, 0xF2, 0xAD, 0xF4, 0x02, 0x8D, 0x09, 0xD4, 0xAD, 0xF3, 0x02, 0x8D, 0x01 // 0x00000170 
, 0xD4, 0xA2, 0x02, 0x20, 0x55, 0xC2, 0xD0, 0x03, 0x20, 0x52, 0xC2, 0xA2, 0x02, 0xE8, 0xE8, 0xBD // 0x00000180 
, 0x18, 0x02, 0x1D, 0x19, 0x02, 0xF0, 0x06, 0x20, 0x55, 0xC2, 0x9D, 0x26, 0x02, 0xE0, 0x08, 0xD0 // 0x00000190 
, 0xEC, 0xAD, 0x0F, 0xD2, 0x29, 0x04, 0xF0, 0x08, 0xAD, 0xF1, 0x02, 0xF0, 0x03, 0xCE, 0xF1, 0x02 // 0x000001A0 
, 0xAD, 0x2B, 0x02, 0xF0, 0x3E, 0xAD, 0x0F, 0xD2, 0x29, 0x04, 0xD0, 0x32, 0xCE, 0x2B, 0x02, 0xD0 // 0x000001B0 
, 0x32, 0xAD, 0x6D, 0x02, 0xD0, 0x2D, 0xAD, 0xDA, 0x02, 0x8D, 0x2B, 0x02, 0xAD, 0x09, 0xD2, 0xC9 // 0x000001C0 
, 0x9F, 0xF0, 0x20, 0xC9, 0x83, 0xF0, 0x1C, 0xC9, 0x84, 0xF0, 0x18, 0xC9, 0x94, 0xF0, 0x14, 0x29 // 0x000001D0 
, 0x3F, 0xC9, 0x11, 0xF0, 0x0E, 0xAD, 0x09, 0xD2, 0x8D, 0xFC, 0x02, 0x4C, 0xF3, 0xC1, 0xA9, 0x00 // 0x000001E0 
, 0x8D, 0x2B, 0x02, 0xAD, 0x00, 0xD3, 0x4A, 0x4A, 0x4A, 0x4A, 0x8D, 0x79, 0x02, 0x8D, 0x7B, 0x02 // 0x000001F0 
, 0xAD, 0x00, 0xD3, 0x29, 0x0F, 0x8D, 0x78, 0x02, 0x8D, 0x7A, 0x02, 0xAD, 0x10, 0xD0, 0x8D, 0x84 // 0x00000200 
, 0x02, 0x8D, 0x86, 0x02, 0xAD, 0x11, 0xD0, 0x8D, 0x85, 0x02, 0x8D, 0x87, 0x02, 0xA2, 0x03, 0xBD // 0x00000210 
, 0x00, 0xD2, 0x9D, 0x70, 0x02, 0x9D, 0x74, 0x02, 0xCA, 0x10, 0xF4, 0x8D, 0x0B, 0xD2, 0xA2, 0x02 // 0x00000220 
, 0xA0, 0x01, 0xB9, 0x78, 0x02, 0x4A, 0x4A, 0x4A, 0x9D, 0x7D, 0x02, 0x9D, 0x81, 0x02, 0xA9, 0x00 // 0x00000230 
, 0x2A, 0x9D, 0x7C, 0x02, 0x9D, 0x80, 0x02, 0xCA, 0xCA, 0x88, 0x10, 0xE6, 0x6C, 0x24, 0x02, 0x6C // 0x00000240 
, 0x26, 0x02, 0x6C, 0x28, 0x02, 0xBC, 0x18, 0x02, 0xD0, 0x08, 0xBC, 0x19, 0x02, 0xF0, 0x10, 0xDE // 0x00000250 
, 0x19, 0x02, 0xDE, 0x18, 0x02, 0xD0, 0x08, 0xBC, 0x19, 0x02, 0xD0, 0x03, 0xA9, 0x00, 0x60, 0xA9 // 0x00000260 
, 0xFF, 0x60, 0x0A, 0x8D, 0x2D, 0x02, 0x8A, 0xA2, 0x05, 0x8D, 0x0A, 0xD4, 0xCA, 0xD0, 0xFD, 0xAE // 0x00000270 
, 0x2D, 0x02, 0x9D, 0x17, 0x02, 0x98, 0x9D, 0x16, 0x02, 0x60, 0x68, 0xA8, 0x68, 0xAA, 0x68, 0x40 // 0x00000280 
, 0x78, 0xAD, 0x13, 0xD0, 0xCD, 0xFA, 0x03, 0xD0, 0x2F, 0x6A, 0x90, 0x05, 0x20, 0xC9, 0xC4, 0xD0 // 0x00000290 
, 0x27, 0xAD, 0x44, 0x02, 0xD0, 0x22, 0xA9, 0xFF, 0xD0, 0x20, 0x78, 0xA2, 0x8C, 0x88, 0xD0, 0xFD // 0x000002A0 
, 0xCA, 0xD0, 0xFA, 0xAD, 0x3D, 0x03, 0xC9, 0x5C, 0xD0, 0x0E, 0xAD, 0x3E, 0x03, 0xC9, 0x93, 0xD0 // 0x000002B0 
, 0x07, 0xAD, 0x3F, 0x03, 0xC9, 0x25, 0xF0, 0xC8, 0xA9, 0x00, 0x85, 0x08, 0x78, 0xD8, 0xA2, 0xFF // 0x000002C0 
, 0x9A, 0x20, 0x71, 0xC4, 0xA9, 0x01, 0x85, 0x01, 0xA5, 0x08, 0xD0, 0x52, 0xA9, 0x00, 0xA0, 0x08 // 0x000002D0 
, 0x85, 0x04, 0x85, 0x05, 0xA9, 0xFF, 0x91, 0x04, 0xD1, 0x04, 0xF0, 0x02, 0x46, 0x01, 0xA9, 0x00 // 0x000002E0 
, 0x91, 0x04, 0xD1, 0x04, 0xF0, 0x02, 0x46, 0x01, 0xC8, 0xD0, 0xE9, 0xE6, 0x05, 0xA6, 0x05, 0xE4 // 0x000002F0 
, 0x06, 0xD0, 0xE1, 0xA9, 0x23, 0x85, 0x0A, 0xA9, 0xF2, 0x85, 0x0B, 0xAD, 0x01, 0xD3, 0x29, 0x7F // 0x00000300 
, 0x8D, 0x01, 0xD3, 0x20, 0x73, 0xFF, 0xB0, 0x05, 0x20, 0x92, 0xFF, 0x90, 0x02, 0x46, 0x01, 0xAD // 0x00000310 
, 0x01, 0xD3, 0x09, 0x80, 0x8D, 0x01, 0xD3, 0xA9, 0xFF, 0x8D, 0x44, 0x02, 0xD0, 0x22, 0xA2, 0x00 // 0x00000320 
, 0xAD, 0xEC, 0x03, 0xF0, 0x07, 0x8E, 0x0E, 0x00, 0x8E, 0x0F, 0x00, 0x8A, 0x9D, 0x00, 0x02, 0xE0 // 0x00000330 
, 0xED, 0xB0, 0x03, 0x9D, 0x00, 0x03, 0xCA, 0xD0, 0xF3, 0xA2, 0x10, 0x95, 0x00, 0xE8, 0x10, 0xFB // 0x00000340 
, 0xA2, 0x00, 0xAD, 0x01, 0xD3, 0x29, 0x02, 0xF0, 0x01, 0xE8, 0x8E, 0xF8, 0x03, 0xA9, 0x5C, 0x8D // 0x00000350 
, 0x3D, 0x03, 0xA9, 0x93, 0x8D, 0x3E, 0x03, 0xA9, 0x25, 0x8D, 0x3F, 0x03, 0xA9, 0x02, 0x85, 0x52 // 0x00000360 
, 0xA9, 0x27, 0x85, 0x53, 0xAD, 0x14, 0xD0, 0x29, 0x0E, 0xD0, 0x08, 0xA9, 0x05, 0xA2, 0x01, 0xA0 // 0x00000370 
, 0x28, 0xD0, 0x06, 0xA9, 0x06, 0xA2, 0x00, 0xA0, 0x30, 0x8D, 0xDA, 0x02, 0x86, 0x62, 0x8C, 0xD9 // 0x00000380 
, 0x02, 0xA2, 0x25, 0xBD, 0x4B, 0xC4, 0x9D, 0x00, 0x02, 0xCA, 0x10, 0xF7, 0xA2, 0x0E, 0xBD, 0x2E // 0x00000390 
, 0xC4, 0x9D, 0x1A, 0x03, 0xCA, 0x10, 0xF7, 0x20, 0x35, 0xC5, 0x58, 0xA5, 0x01, 0xD0, 0x15, 0xAD // 0x000003A0 
, 0x01, 0xD3, 0x29, 0x7F, 0x8D, 0x01, 0xD3, 0xA9, 0x02, 0x8D, 0xF3, 0x02, 0xA9, 0xE0, 0x8D, 0xF4 // 0x000003B0 
, 0x02, 0x4C, 0x03, 0x50, 0xA2, 0x00, 0x86, 0x06, 0xAE, 0xE4, 0x02, 0xE0, 0xB0, 0xB0, 0x0D, 0xAE // 0x000003C0 
, 0xFC, 0xBF, 0xD0, 0x08, 0xE6, 0x06, 0x20, 0xC9, 0xC4, 0x20, 0x29, 0xC4, 0xA9, 0x03, 0xA2, 0x00 // 0x000003D0 
, 0x9D, 0x42, 0x03, 0xA9, 0x48, 0x9D, 0x44, 0x03, 0xA9, 0xC4, 0x9D, 0x45, 0x03, 0xA9, 0x0C, 0x9D // 0x000003E0 
, 0x4A, 0x03, 0x20, 0x56, 0xE4, 0x10, 0x03, 0x4C, 0xAA, 0xC2, 0xE8, 0xD0, 0xFD, 0xC8, 0x10, 0xFA // 0x000003F0 
, 0x20, 0x6E, 0xC6, 0xA5, 0x06, 0xF0, 0x06, 0xAD, 0xFD, 0xBF, 0x6A, 0x90, 0x06, 0x20, 0x8B, 0xC5 // 0x00000400 
, 0x20, 0x39, 0xE7, 0xA9, 0x00, 0x8D, 0x44, 0x02, 0xA5, 0x06, 0xF0, 0x0A, 0xAD, 0xFD, 0xBF, 0x29 // 0x00000410 
, 0x04, 0xF0, 0x03, 0x6C, 0xFA, 0xBF, 0x6C, 0x0A, 0x00, 0x6C, 0xFE, 0xBF, 0x18, 0x60, 0x50, 0x30 // 0x00000420 
, 0xE4, 0x43, 0x40, 0xE4, 0x45, 0x00, 0xE4, 0x53, 0x10, 0xE4, 0x4B, 0x20, 0xE4, 0x42, 0x4F, 0x4F // 0x00000430 
, 0x54, 0x20, 0x45, 0x52, 0x52, 0x4F, 0x52, 0x9B, 0x45, 0x3A, 0x9B, 0xCE, 0xC0, 0xCD, 0xC0, 0xCD // 0x00000440 
, 0xC0, 0xCD, 0xC0, 0x19, 0xFC, 0x2C, 0xEB, 0xAD, 0xEA, 0xEC, 0xEA, 0xCD, 0xC0, 0xCD, 0xC0, 0xCD // 0x00000450 
, 0xC0, 0x30, 0xC0, 0x00, 0x00, 0x00, 0x00, 0x00, 0x00, 0x00, 0x00, 0x00, 0x00, 0xE2, 0xC0, 0x8A // 0x00000460 
, 0xC2, 0xAD, 0x13, 0xD0, 0x6A, 0x90, 0x0D, 0xAD, 0xFC, 0xBF, 0xD0, 0x08, 0xAD, 0xFD, 0xBF, 0x10 // 0x00000470 
, 0x03, 0x6C, 0xFE, 0xBF, 0x20, 0xDA, 0xC4, 0xAD, 0x01, 0xD3, 0x09, 0x02, 0x8D, 0x01, 0xD3, 0xA5 // 0x00000480 
, 0x08, 0xF0, 0x07, 0xAD, 0xF8, 0x03, 0xD0, 0x11, 0xF0, 0x07, 0xAD, 0x1F, 0xD0, 0x29, 0x04, 0xF0 // 0x00000490 
, 0x08, 0xAD, 0x01, 0xD3, 0x29, 0xFD, 0x8D, 0x01, 0xD3, 0xA9, 0x00, 0xA8, 0x85, 0x05, 0xA9, 0x28 // 0x000004A0 
, 0x85, 0x06, 0xB1, 0x05, 0x49, 0xFF, 0x91, 0x05, 0xD1, 0x05, 0xD0, 0x0C, 0x49, 0xFF, 0x91, 0x05 // 0x000004B0 
, 0xD1, 0x05, 0xD0, 0x04, 0xE6, 0x06, 0xD0, 0xEA, 0x60, 0xA9, 0x00, 0xAA, 0x18, 0x7D, 0xF0, 0xBF // 0x000004C0 
, 0xE8, 0xD0, 0xFA, 0xCD, 0xEB, 0x03, 0x8D, 0xEB, 0x03, 0x60, 0xA9, 0x00, 0xAA, 0x8D, 0x03, 0xD3 // 0x000004D0 
, 0x9D, 0x00, 0xD0, 0x9D, 0x00, 0xD4, 0x9D, 0x00, 0xD2, 0xE0, 0x01, 0xF0, 0x03, 0x9D, 0x00, 0xD3 // 0x000004E0 
, 0xE8, 0xD0, 0xED, 0xA9, 0x3C, 0x8D, 0x03, 0xD3, 0xA9, 0xFF, 0x8D, 0x01, 0xD3, 0xA9, 0x38, 0x8D // 0x000004F0 
, 0x02, 0xD3, 0x8D, 0x03, 0xD3, 0xA9, 0x00, 0x8D, 0x00, 0xD3, 0xA9, 0xFF, 0x8D, 0x01, 0xD3, 0xA9 // 0x00000500 
, 0x3C, 0x8D, 0x02, 0xD3, 0x8D, 0x03, 0xD3, 0xAD, 0x01, 0xD3, 0xAD, 0x00, 0xD3, 0xA9, 0x22, 0x8D // 0x00000510 
, 0x0F, 0xD2, 0xA9, 0xA0, 0x8D, 0x05, 0xD2, 0x8D, 0x07, 0xD2, 0xA9, 0x28, 0x8D, 0x08, 0xD2, 0xA9 // 0x00000520 
, 0xFF, 0x8D, 0x0D, 0xD2, 0x60, 0xC6, 0x11, 0xA9, 0x92, 0x8D, 0x36, 0x02, 0xA9, 0xC0, 0x8D, 0x37 // 0x00000530 
, 0x02, 0xA5, 0x06, 0x8D, 0xE4, 0x02, 0x8D, 0xE6, 0x02, 0xA9, 0x00, 0x8D, 0xE5, 0x02, 0xA9, 0x00 // 0x00000540 
, 0x8D, 0xE7, 0x02, 0xA9, 0x07, 0x8D, 0xE8, 0x02, 0x20, 0x0C, 0xE4, 0x20, 0x1C, 0xE4, 0x20, 0x2C // 0x00000550 
, 0xE4, 0x20, 0x3C, 0xE4, 0x20, 0x4C, 0xE4, 0x20, 0x6E, 0xE4, 0x20, 0x65, 0xE4, 0x20, 0x6B, 0xE4 // 0x00000560 
, 0x20, 0x50, 0xE4, 0xA9, 0x6E, 0x8D, 0x38, 0x02, 0xA9, 0xC9, 0x8D, 0x39, 0x02, 0x20, 0x9B, 0xE4 // 0x00000570 
, 0xAD, 0x1F, 0xD0, 0x29, 0x01, 0x49, 0x01, 0x8D, 0xE9, 0x03, 0x60, 0xA5, 0x08, 0xF0, 0x09, 0xA5 // 0x00000580 
, 0x09, 0x29, 0x01, 0xF0, 0x33, 0x4C, 0x3B, 0xC6, 0xA9, 0x01, 0x8D, 0x01, 0x03, 0xA9, 0x53, 0x8D // 0x00000590 
, 0x02, 0x03, 0x20, 0x53, 0xE4, 0x30, 0x21, 0xA9, 0x00, 0x8D, 0x0B, 0x03, 0xA9, 0x01, 0x8D, 0x0A // 0x000005A0 
, 0x03, 0xA9, 0x00, 0x8D, 0x04, 0x03, 0xA9, 0x04, 0x8D, 0x05, 0x03, 0x20, 0x59, 0xC6, 0x10, 0x09 // 0x000005B0 
, 0x20, 0x3E, 0xC6, 0xAD, 0xEA, 0x03, 0xF0, 0xDF, 0x60, 0xA2, 0x03, 0xBD, 0x00, 0x04, 0x9D, 0x40 // 0x000005C0 
, 0x02, 0xCA, 0x10, 0xF7, 0xAD, 0x42, 0x02, 0x85, 0x04, 0xAD, 0x43, 0x02, 0x85, 0x05, 0xAD, 0x04 // 0x000005D0 
, 0x04, 0x85, 0x0C, 0xAD, 0x05, 0x04, 0x85, 0x0D, 0xA0, 0x7F, 0xB9, 0x00, 0x04, 0x91, 0x04, 0x88 // 0x000005E0 
, 0x10, 0xF8, 0x18, 0xA5, 0x04, 0x69, 0x80, 0x85, 0x04, 0xA5, 0x05, 0x69, 0x00, 0x85, 0x05, 0xCE // 0x000005F0 
, 0x41, 0x02, 0xF0, 0x12, 0xEE, 0x0A, 0x03, 0x20, 0x59, 0xC6, 0x10, 0xDC, 0x20, 0x3E, 0xC6, 0xAD // 0x00000600 
, 0xEA, 0x03, 0xD0, 0xAC, 0xF0, 0xF1, 0xAD, 0xEA, 0x03, 0xF0, 0x03, 0x20, 0x59, 0xC6, 0x20, 0x29 // 0x00000610 
, 0xC6, 0xB0, 0x9D, 0x20, 0x3B, 0xC6, 0xE6, 0x09, 0x60, 0x18, 0xAD, 0x42, 0x02, 0x69, 0x06, 0x85 // 0x00000620 
, 0x04, 0xAD, 0x43, 0x02, 0x69, 0x00, 0x85, 0x05, 0x6C, 0x04, 0x00, 0x6C, 0x0C, 0x00, 0xA2, 0x3D // 0x00000630 
, 0xA0, 0xC4, 0x8A, 0xA2, 0x00, 0x9D, 0x44, 0x03, 0x98, 0x9D, 0x45, 0x03, 0xA9, 0x09, 0x9D, 0x42 // 0x00000640 
, 0x03, 0xA9, 0xFF, 0x9D, 0x48, 0x03, 0x4C, 0x56, 0xE4, 0xAD, 0xEA, 0x03, 0xF0, 0x03, 0x4C, 0x7A // 0x00000650 
, 0xE4, 0xA9, 0x52, 0x8D, 0x02, 0x03, 0xA9, 0x01, 0x8D, 0x01, 0x03, 0x4C, 0x53, 0xE4, 0xA5, 0x08 // 0x00000660 
, 0xF0, 0x09, 0xA5, 0x09, 0x29, 0x02, 0xF0, 0x27, 0x4C, 0xA0, 0xC6, 0xAD, 0xE9, 0x03, 0xF0, 0x1F // 0x00000670 
, 0xA9, 0x80, 0x85, 0x3E, 0xEE, 0xEA, 0x03, 0x20, 0x7D, 0xE4, 0x20, 0xBB, 0xC5, 0xA9, 0x00, 0x8D // 0x00000680 
, 0xEA, 0x03, 0x8D, 0xE9, 0x03, 0x06, 0x09, 0xA5, 0x0C, 0x85, 0x02, 0xA5, 0x0D, 0x85, 0x03, 0x60 // 0x00000690 
, 0x6C, 0x02, 0x00, 0xA9, 0xA0, 0x8D, 0x46, 0x02, 0xA9, 0x80, 0x8D, 0xD5, 0x02, 0xA9, 0x00, 0x8D // 0x000006A0 
, 0xD6, 0x02, 0x60, 0xA9, 0x31, 0x8D, 0x00, 0x03, 0xAD, 0x46, 0x02, 0xAE, 0x02, 0x03, 0xE0, 0x21 // 0x000006B0 
, 0xF0, 0x02, 0xA9, 0x07, 0x8D, 0x06, 0x03, 0xA2, 0x40, 0xAD, 0x02, 0x03, 0xC9, 0x50, 0xF0, 0x04 // 0x000006C0 
, 0xC9, 0x57, 0xD0, 0x02, 0xA2, 0x80, 0xC9, 0x53, 0xD0, 0x10, 0xA9, 0xEA, 0x8D, 0x04, 0x03, 0xA9 // 0x000006D0 
, 0x02, 0x8D, 0x05, 0x03, 0xA0, 0x04, 0xA9, 0x00, 0xF0, 0x06, 0xAC, 0xD5, 0x02, 0xAD, 0xD6, 0x02 // 0x000006E0 
, 0x8E, 0x03, 0x03, 0x8C, 0x08, 0x03, 0x8D, 0x09, 0x03, 0x20, 0x59, 0xE4, 0x10, 0x01, 0x60, 0xAD // 0x000006F0 
, 0x02, 0x03, 0xC9, 0x53, 0xD0, 0x0A, 0x20, 0x3A, 0xC7, 0xA0, 0x02, 0xB1, 0x15, 0x8D, 0x46, 0x02 // 0x00000700 
, 0xAD, 0x02, 0x03, 0xC9, 0x21, 0xD0, 0x1F, 0x20, 0x3A, 0xC7, 0xA0, 0xFE, 0xC8, 0xC8, 0xB1, 0x15 // 0x00000710 
, 0xC9, 0xFF, 0xD0, 0xF8, 0xC8, 0xB1, 0x15, 0xC8, 0xC9, 0xFF, 0xD0, 0xF2, 0x88, 0x88, 0x8C, 0x08 // 0x00000720 
, 0x03, 0xA9, 0x00, 0x8D, 0x09, 0x03, 0xAC, 0x03, 0x03, 0x60, 0xAD, 0x04, 0x03, 0x85, 0x15, 0xAD // 0x00000730 
, 0x05, 0x03, 0x85, 0x16, 0x60, 0xA2, 0x05, 0xA9, 0x00, 0x9D, 0xC9, 0x02, 0xCA, 0x10, 0xF8, 0xA9 // 0x00000740 
, 0x00, 0x8D, 0x33, 0x02, 0x20, 0xCF, 0xC7, 0xA0, 0x9C, 0xB0, 0x39, 0x8D, 0x88, 0x02, 0x20, 0xCF // 0x00000750 
, 0xC7, 0xA0, 0x9C, 0xB0, 0x2F, 0x8D, 0x45, 0x02, 0xAD, 0x88, 0x02, 0xC9, 0x0B, 0xF0, 0x26, 0x2A // 0x00000760 
, 0xAA, 0xBD, 0xE4, 0xC8, 0x8D, 0xC9, 0x02, 0xBD, 0xE5, 0xC8, 0x8D, 0xCA, 0x02, 0xAD, 0x45, 0x02 // 0x00000770 
, 0xCD, 0x33, 0x02, 0xF0, 0xCA, 0x20, 0xCF, 0xC7, 0xA0, 0x9C, 0xB0, 0x08, 0x20, 0xD2, 0xC7, 0xEE // 0x00000780 
, 0x33, 0x02, 0xD0, 0xE9, 0x60, 0x20, 0xCF, 0xC7, 0xA0, 0x9C, 0xB0, 0x2C, 0x8D, 0xC9, 0x02, 0x20 // 0x00000790 
, 0xCF, 0xC7, 0xA0, 0x9C, 0xB0, 0x22, 0x8D, 0xCA, 0x02, 0xAD, 0x45, 0x02, 0xC9, 0x01, 0xF0, 0x16 // 0x000007A0 
, 0x90, 0x17, 0x18, 0xAD, 0xC9, 0x02, 0x6D, 0xD1, 0x02, 0xA8, 0xAD, 0xCA, 0x02, 0x6D, 0xD2, 0x02 // 0x000007B0 
, 0x8C, 0xC9, 0x02, 0x8D, 0xCA, 0x02, 0xA0, 0x01, 0x60, 0xA0, 0x00, 0xA9, 0x00, 0xF0, 0xF1, 0x6C // 0x000007C0 
, 0xCF, 0x02, 0x6C, 0xC9, 0x02, 0xAC, 0x33, 0x02, 0xC0, 0x01, 0xF0, 0x0A, 0xB0, 0x73, 0x8D, 0x4A // 0x000007D0 
, 0x02, 0x8D, 0x8E, 0x02, 0x90, 0x6A, 0x8D, 0x4B, 0x02, 0x8D, 0x8F, 0x02, 0xA2, 0x00, 0xAD, 0x88 // 0x000007E0 
, 0x02, 0xF0, 0x06, 0xC9, 0x0A, 0xF0, 0x15, 0xA2, 0x02, 0x18, 0xAD, 0x4A, 0x02, 0x7D, 0xD1, 0x02 // 0x000007F0 
, 0x8D, 0x8E, 0x02, 0xAD, 0x4B, 0x02, 0x7D, 0xD2, 0x02, 0x8D, 0x8F, 0x02, 0x18, 0xAD, 0x8E, 0x02 // 0x00000800 
, 0x6D, 0x45, 0x02, 0x48, 0xA9, 0x00, 0x6D, 0x8F, 0x02, 0xA8, 0x68, 0x38, 0xE9, 0x02, 0xB0, 0x01 // 0x00000810 
, 0x88, 0x48, 0x98, 0xDD, 0xCC, 0x02, 0x68, 0x90, 0x10, 0xD0, 0x05, 0xDD, 0xCB, 0x02, 0x90, 0x09 // 0x00000820 
, 0x9D, 0xCB, 0x02, 0x48, 0x98, 0x9D, 0xCC, 0x02, 0x68, 0xAE, 0x88, 0x02, 0xE0, 0x01, 0xF0, 0x10 // 0x00000830 
, 0xCC, 0xE6, 0x02, 0x90, 0x0B, 0xD0, 0x05, 0xCD, 0xE5, 0x02, 0x90, 0x04, 0x68, 0x68, 0xA0, 0x9D // 0x00000840 
, 0x60, 0x38, 0x48, 0xAD, 0x33, 0x02, 0xE9, 0x02, 0x18, 0x6D, 0x8E, 0x02, 0x85, 0x36, 0xA9, 0x00 // 0x00000850 
, 0x6D, 0x8F, 0x02, 0x85, 0x37, 0x68, 0xA0, 0x00, 0x91, 0x36, 0x4C, 0x50, 0xC8, 0x18, 0x6D, 0x8E // 0x00000860 
, 0x02, 0x85, 0x36, 0xA9, 0x00, 0x6D, 0x8F, 0x02, 0x85, 0x37, 0xA0, 0x00, 0xB1, 0x36, 0x18, 0x6D // 0x00000870 
, 0xD1, 0x02, 0x91, 0x36, 0xE6, 0x36, 0xD0, 0x02, 0xE6, 0x37, 0xB1, 0x36, 0x6D, 0xD2, 0x02, 0x91 // 0x00000880 
, 0x36, 0x60, 0xA2, 0x00, 0xAC, 0x88, 0x02, 0xC0, 0x04, 0x90, 0x02, 0xA2, 0x02, 0x18, 0x6D, 0x8E // 0x00000890 
, 0x02, 0x85, 0x36, 0xA9, 0x00, 0x6D, 0x8F, 0x02, 0x85, 0x37, 0xA0, 0x00, 0xB1, 0x36, 0x18, 0x7D // 0x000008A0 
, 0xD1, 0x02, 0x91, 0x36, 0x60, 0x48, 0xAD, 0x33, 0x02, 0x6A, 0x68, 0xB0, 0x15, 0x18, 0x6D, 0x8E // 0x000008B0 
, 0x02, 0x85, 0x36, 0xA9, 0x00, 0x6D, 0x8F, 0x02, 0x85, 0x37, 0xA0, 0x00, 0xB1, 0x36, 0x8D, 0x88 // 0x000008C0 
, 0x02, 0x60, 0x18, 0x6D, 0xD1, 0x02, 0xA9, 0x00, 0x6D, 0xD2, 0x02, 0x6D, 0x88, 0x02, 0xA0, 0x00 // 0x000008D0 
, 0x91, 0x36, 0xF0, 0xED, 0xD5, 0xC7, 0xD5, 0xC7, 0x92, 0xC8, 0x92, 0xC8, 0x92, 0xC8, 0x92, 0xC8 // 0x000008E0 
, 0x6D, 0xC8, 0x6D, 0xC8, 0xB5, 0xC8, 0xB5, 0xC8, 0xD5, 0xC7, 0x95, 0xC7, 0xA9, 0xFF, 0x8D, 0x44 // 0x000008F0 
, 0x02, 0xAD, 0x01, 0xD3, 0x29, 0x7F, 0x8D, 0x01, 0xD3, 0x4C, 0x83, 0xE4, 0xA9, 0x01, 0x8D, 0x48 // 0x00000900 
, 0x02, 0xAD, 0x48, 0x02, 0x8D, 0xFF, 0xD1, 0xAD, 0x03, 0xD8, 0xC9, 0x80, 0xD0, 0x0A, 0xAD, 0x0B // 0x00000910 
, 0xD8, 0xC9, 0x91, 0xD0, 0x03, 0x20, 0x19, 0xD8, 0x0E, 0x48, 0x02, 0xD0, 0xE4, 0xA9, 0x00, 0x8D // 0x00000920 
, 0xFF, 0xD1, 0x60, 0xA9, 0x01, 0x8D, 0x42, 0x00, 0xAD, 0x01, 0x03, 0x48, 0xAD, 0x47, 0x02, 0xF0 // 0x00000930 
, 0x1A, 0xA2, 0x08, 0x20, 0xAF, 0xC9, 0xF0, 0x13, 0x8A, 0x48, 0x20, 0x05, 0xD8, 0x68, 0xAA, 0x90 // 0x00000940 
, 0xF2, 0xA9, 0x00, 0x8D, 0x48, 0x02, 0x8D, 0xFF, 0xD1, 0xF0, 0x03, 0x20, 0x71, 0xE9, 0x68, 0x8D // 0x00000950 
, 0x01, 0x03, 0xA9, 0x00, 0x8D, 0x42, 0x00, 0x8C, 0x03, 0x03, 0xAC, 0x03, 0x03, 0x60, 0xA2, 0x08 // 0x00000960 
, 0x6A, 0xB0, 0x03, 0xCA, 0xD0, 0xFA, 0xAD, 0x48, 0x02, 0x48, 0xBD, 0x20, 0xCA, 0x8D, 0x48, 0x02 // 0x00000970 
, 0x8D, 0xFF, 0xD1, 0x20, 0x08, 0xD8, 0x68, 0x8D, 0x48, 0x02, 0x8D, 0xFF, 0xD1, 0x68, 0xAA, 0x68 // 0x00000980 
, 0x40, 0xA0, 0x01, 0x4C, 0xDC, 0xC9, 0xA0, 0x03, 0x4C, 0xDC, 0xC9, 0xA0, 0x05, 0x4C, 0xDC, 0xC9 // 0x00000990 
, 0xA0, 0x07, 0x4C, 0xDC, 0xC9, 0xA0, 0x09, 0x4C, 0xDC, 0xC9, 0xA0, 0x0B, 0x4C, 0xDC, 0xC9, 0xCA // 0x000009A0 
, 0x10, 0x09, 0xA9, 0x00, 0x8D, 0x48, 0x02, 0x8D, 0xFF, 0xD1, 0x60, 0xAD, 0x47, 0x02, 0x3D, 0x21 // 0x000009B0 
, 0xCA, 0xF0, 0xEC, 0x8D, 0x48, 0x02, 0x8D, 0xFF, 0xD1, 0x60, 0xB9, 0x0D, 0xD8, 0x48, 0x88, 0xB9 // 0x000009C0 
, 0x0D, 0xD8, 0x48, 0xAD, 0x4C, 0x02, 0xAE, 0x4D, 0x02, 0xA0, 0x92, 0x60, 0x8D, 0x4C, 0x02, 0x8E // 0x000009D0 
, 0x4D, 0x02, 0xAD, 0x42, 0x00, 0x48, 0xA9, 0x01, 0x8D, 0x42, 0x00, 0xA2, 0x08, 0x20, 0xAF, 0xC9 // 0x000009E0 
, 0xF0, 0x11, 0x8A, 0x48, 0x98, 0x48, 0x20, 0xCA, 0xC9, 0x90, 0x20, 0x8D, 0x4C, 0x02, 0x68, 0x68 // 0x000009F0 
, 0x4C, 0x05, 0xCA, 0xA0, 0x82, 0xA9, 0x00, 0x8D, 0x48, 0x02, 0x8D, 0xFF, 0xD1, 0x68, 0x8D, 0x42 // 0x00000A00 
, 0x00, 0xAD, 0x4C, 0x02, 0x8C, 0x4D, 0x02, 0xAC, 0x4D, 0x02, 0x60, 0x68, 0xA8, 0x68, 0xAA, 0x90 // 0x00000A10 
, 0xCC, 0x80, 0x40, 0x20, 0x10, 0x08, 0x04, 0x02, 0x01, 0xAE, 0x2E, 0x00, 0xBD, 0x4D, 0x03, 0x20 // 0x00000A20 
, 0xDE, 0xE7, 0xB0, 0x20, 0x18, 0x20, 0x9E, 0xE8, 0xB0, 0x1A, 0xAE, 0x2E, 0x00, 0xBD, 0x4C, 0x03 // 0x00000A30 
, 0x20, 0x16, 0xE7, 0xB0, 0x0F, 0xAE, 0x2E, 0x00, 0x9D, 0x40, 0x03, 0x85, 0x20, 0xA9, 0x03, 0x85 // 0x00000A40 
, 0x17, 0x4C, 0x5C, 0xE5, 0x4C, 0x10, 0xE5, 0x00, 0x13, 0x16, 0xD1, 0xE4, 0xE4, 0xE8, 0x29, 0xEB // 0x00000A50 
, 0xEE, 0x00, 0x00, 0x2D, 0x25, 0x2D, 0x2F, 0x32, 0x39, 0x00, 0x34, 0x25, 0x33, 0x34, 0x00, 0x00 // 0x00000A60 
, 0x00, 0x32, 0x2F, 0x2D, 0x32, 0x21, 0x2D, 0x00, 0x00, 0x2B, 0x25, 0x39, 0x22, 0x2F, 0x21, 0x32 // 0x00000A70 
, 0x24, 0x00, 0x34, 0x25, 0x33, 0x34, 0x00, 0x00, 0x00, 0xB2, 0x91, 0x00, 0x92, 0x00, 0x93, 0x00 // 0x00000A80 
, 0x94, 0x00, 0xA8, 0x00, 0xA1, 0x00, 0xA2, 0x00, 0x00, 0x00, 0x5B, 0x00, 0x11, 0x00, 0x12, 0x00 // 0x00000A90 
, 0x13, 0x00, 0x14, 0x00, 0x15, 0x00, 0x16, 0x00, 0x17, 0x00, 0x18, 0x00, 0x19, 0x00, 0x10, 0x00 // 0x00000AA0 
, 0x1C, 0x00, 0x1E, 0x00, 0xA2, 0x80, 0xB3, 0x00, 0x00, 0x00, 0xFF, 0xFF, 0x00, 0x31, 0x00, 0x37 // 0x00000AB0 
, 0x00, 0x25, 0x00, 0x32, 0x00, 0x34, 0x00, 0x39, 0x00, 0x35, 0x00, 0x29, 0x00, 0x2F, 0x00, 0x30 // 0x00000AC0 
, 0x00, 0x0D, 0x00, 0x1D, 0x00, 0xB2, 0xB4, 0x00, 0x00, 0x00, 0x80, 0xDC, 0x80, 0x00, 0x21, 0x00 // 0x00000AD0 
, 0x33, 0x00, 0x24, 0x00, 0x26, 0x00, 0x27, 0x00, 0x28, 0x00, 0x2A, 0x00, 0x2B, 0x00, 0x2C, 0x00 // 0x00000AE0 
, 0x1B, 0x00, 0x0B, 0x00, 0x0A, 0x00, 0xA3, 0x00, 0x00, 0x00, 0x80, 0xB3, 0xA8, 0x80, 0x00, 0x3A // 0x00000AF0 
, 0x00, 0x38, 0x00, 0x23, 0x00, 0x36, 0x00, 0x22, 0x00, 0x2E, 0x00, 0x2D, 0x00, 0x0C, 0x00, 0x0E // 0x00000B00 
, 0x00, 0x0F, 0x00, 0x80, 0xB3, 0xA8, 0x80, 0x00, 0x00, 0x00, 0x00, 0x00, 0x00, 0x00, 0x00, 0x80 // 0x00000B10 
, 0xB3, 0x80, 0xB0, 0x80, 0xA1, 0x80, 0xA3, 0x80, 0xA5, 0x80, 0x80, 0x80, 0xA2, 0x80, 0xA1, 0x80 // 0x00000B20 
, 0xB2, 0x80, 0x00, 0x33, 0x00, 0x30, 0x00, 0x21, 0x00, 0x23, 0x00, 0x25, 0x00, 0x00, 0x00, 0x22 // 0x00000B30 
, 0x00, 0x21, 0x00, 0x32, 0x00, 0x00, 0x33, 0x28, 0x00, 0x22, 0x00, 0x33, 0x00, 0x5C, 0x00, 0x36 // 0x00000B40 
, 0x2F, 0x29, 0x23, 0x25, 0x00, 0x03, 0xA0, 0x11, 0xA9, 0x00, 0x18, 0x71, 0x4A, 0x88, 0x10, 0xFB // 0x00000B50 
, 0x69, 0x00, 0x49, 0xFF, 0x60, 0x00, 0x00, 0x00, 0x00, 0x00, 0x00, 0x00, 0x00, 0x00, 0x00, 0x00 // 0x00000B60 
, 0x00, 0x00, 0x00, 0x00, 0x00, 0x00, 0x00, 0x00, 0x00, 0x00, 0x00, 0x00, 0x00, 0x00, 0x00, 0x00 // 0x00000B70 
, 0x00, 0x00, 0x00, 0x00, 0x00, 0x00, 0x00, 0x00, 0x00, 0x00, 0x00, 0x00, 0x00, 0x00, 0x00, 0x00 // 0x00000B80 
, 0x00, 0x00, 0x00, 0x00, 0x00, 0x00, 0x00, 0x00, 0x00, 0x00, 0x00, 0x00, 0x00, 0x00, 0x00, 0x00 // 0x00000B90 
, 0x00, 0x00, 0x00, 0x00, 0x00, 0x00, 0x00, 0x00, 0x00, 0x00, 0x00, 0x00, 0x00, 0x00, 0x00, 0x00 // 0x00000BA0 
, 0x00, 0x00, 0x00, 0x00, 0x00, 0x00, 0x00, 0x00, 0x00, 0x00, 0x00, 0x00, 0x00, 0x00, 0x00, 0x00 // 0x00000BB0 
, 0x00, 0x00, 0x00, 0x00, 0x00, 0x00, 0x00, 0x00, 0x00, 0x00, 0x00, 0x00, 0x00, 0x00, 0x00, 0x00 // 0x00000BC0 
, 0x00, 0x00, 0x00, 0x00, 0x00, 0x00, 0x00, 0x00, 0x00, 0x00, 0x00, 0x00, 0x00, 0x00, 0x00, 0x00 // 0x00000BD0 
, 0x00, 0x00, 0x00, 0x00, 0x00, 0x00, 0x00, 0x00, 0x00, 0x00, 0x00, 0x00, 0x00, 0x00, 0x00, 0x00 // 0x00000BE0 
, 0x00, 0x00, 0x00, 0x00, 0x00, 0x00, 0x00, 0x00, 0x00, 0x00, 0x00, 0x00, 0x00, 0x00, 0x00, 0x00 // 0x00000BF0 
, 0x00, 0x00, 0x00, 0x00, 0x00, 0x00, 0x00, 0x00, 0x00, 0x18, 0x18, 0x18, 0x18, 0x00, 0x18, 0x00 // 0x00000C00 
, 0x00, 0x66, 0x66, 0x66, 0x00, 0x00, 0x00, 0x00, 0x00, 0x66, 0xFF, 0x66, 0x66, 0xFF, 0x66, 0x00 // 0x00000C10 
, 0x18, 0x3E, 0x60, 0x3C, 0x06, 0x7C, 0x18, 0x00, 0x00, 0x66, 0x6C, 0x18, 0x30, 0x66, 0x46, 0x00 // 0x00000C20 
, 0x1C, 0x36, 0x1C, 0x38, 0x6F, 0x66, 0x3B, 0x00, 0x00, 0x18, 0x18, 0x18, 0x00, 0x00, 0x00, 0x00 // 0x00000C30 
, 0x00, 0x0E, 0x1C, 0x18, 0x18, 0x1C, 0x0E, 0x00, 0x00, 0x70, 0x38, 0x18, 0x18, 0x38, 0x70, 0x00 // 0x00000C40 
, 0x00, 0x66, 0x3C, 0xFF, 0x3C, 0x66, 0x00, 0x00, 0x00, 0x18, 0x18, 0x7E, 0x18, 0x18, 0x00, 0x00 // 0x00000C50 
, 0x00, 0x00, 0x00, 0x00, 0x00, 0x18, 0x18, 0x30, 0x00, 0x00, 0x00, 0x7E, 0x00, 0x00, 0x00, 0x00 // 0x00000C60 
, 0x00, 0x00, 0x00, 0x00, 0x00, 0x18, 0x18, 0x00, 0x00, 0x06, 0x0C, 0x18, 0x30, 0x60, 0x40, 0x00 // 0x00000C70 
, 0x00, 0x3C, 0x66, 0x6E, 0x76, 0x66, 0x3C, 0x00, 0x00, 0x18, 0x38, 0x18, 0x18, 0x18, 0x7E, 0x00 // 0x00000C80 
, 0x00, 0x3C, 0x66, 0x0C, 0x18, 0x30, 0x7E, 0x00, 0x00, 0x7E, 0x0C, 0x18, 0x0C, 0x66, 0x3C, 0x00 // 0x00000C90 
, 0x00, 0x0C, 0x1C, 0x3C, 0x6C, 0x7E, 0x0C, 0x00, 0x00, 0x7E, 0x60, 0x7C, 0x06, 0x66, 0x3C, 0x00 // 0x00000CA0 
, 0x00, 0x3C, 0x60, 0x7C, 0x66, 0x66, 0x3C, 0x00, 0x00, 0x7E, 0x06, 0x0C, 0x18, 0x30, 0x30, 0x00 // 0x00000CB0 
, 0x00, 0x3C, 0x66, 0x3C, 0x66, 0x66, 0x3C, 0x00, 0x00, 0x3C, 0x66, 0x3E, 0x06, 0x0C, 0x38, 0x00 // 0x00000CC0 
, 0x00, 0x00, 0x18, 0x18, 0x00, 0x18, 0x18, 0x00, 0x00, 0x00, 0x18, 0x18, 0x00, 0x18, 0x18, 0x30 // 0x00000CD0 
, 0x06, 0x0C, 0x18, 0x30, 0x18, 0x0C, 0x06, 0x00, 0x00, 0x00, 0x7E, 0x00, 0x00, 0x7E, 0x00, 0x00 // 0x00000CE0 
, 0x60, 0x30, 0x18, 0x0C, 0x18, 0x30, 0x60, 0x00, 0x00, 0x3C, 0x66, 0x0C, 0x18, 0x00, 0x18, 0x00 // 0x00000CF0 
, 0x00, 0x3C, 0x66, 0x6E, 0x6E, 0x60, 0x3E, 0x00, 0x00, 0x18, 0x3C, 0x66, 0x66, 0x7E, 0x66, 0x00 // 0x00000D00 
, 0x00, 0x7C, 0x66, 0x7C, 0x66, 0x66, 0x7C, 0x00, 0x00, 0x3C, 0x66, 0x60, 0x60, 0x66, 0x3C, 0x00 // 0x00000D10 
, 0x00, 0x78, 0x6C, 0x66, 0x66, 0x6C, 0x78, 0x00, 0x00, 0x7E, 0x60, 0x7C, 0x60, 0x60, 0x7E, 0x00 // 0x00000D20 
, 0x00, 0x7E, 0x60, 0x7C, 0x60, 0x60, 0x60, 0x00, 0x00, 0x3E, 0x60, 0x60, 0x6E, 0x66, 0x3E, 0x00 // 0x00000D30 
, 0x00, 0x66, 0x66, 0x7E, 0x66, 0x66, 0x66, 0x00, 0x00, 0x7E, 0x18, 0x18, 0x18, 0x18, 0x7E, 0x00 // 0x00000D40 
, 0x00, 0x06, 0x06, 0x06, 0x06, 0x66, 0x3C, 0x00, 0x00, 0x66, 0x6C, 0x78, 0x78, 0x6C, 0x66, 0x00 // 0x00000D50 
, 0x00, 0x60, 0x60, 0x60, 0x60, 0x60, 0x7E, 0x00, 0x00, 0x63, 0x77, 0x7F, 0x6B, 0x63, 0x63, 0x00 // 0x00000D60 
, 0x00, 0x66, 0x76, 0x7E, 0x7E, 0x6E, 0x66, 0x00, 0x00, 0x3C, 0x66, 0x66, 0x66, 0x66, 0x3C, 0x00 // 0x00000D70 
, 0x00, 0x7C, 0x66, 0x66, 0x7C, 0x60, 0x60, 0x00, 0x00, 0x3C, 0x66, 0x66, 0x66, 0x6C, 0x36, 0x00 // 0x00000D80 
, 0x00, 0x7C, 0x66, 0x66, 0x7C, 0x6C, 0x66, 0x00, 0x00, 0x3C, 0x60, 0x3C, 0x06, 0x06, 0x3C, 0x00 // 0x00000D90 
, 0x00, 0x7E, 0x18, 0x18, 0x18, 0x18, 0x18, 0x00, 0x00, 0x66, 0x66, 0x66, 0x66, 0x66, 0x7E, 0x00 // 0x00000DA0 
, 0x00, 0x66, 0x66, 0x66, 0x66, 0x3C, 0x18, 0x00, 0x00, 0x63, 0x63, 0x6B, 0x7F, 0x77, 0x63, 0x00 // 0x00000DB0 
, 0x00, 0x66, 0x66, 0x3C, 0x3C, 0x66, 0x66, 0x00, 0x00, 0x66, 0x66, 0x3C, 0x18, 0x18, 0x18, 0x00 // 0x00000DC0 
, 0x00, 0x7E, 0x0C, 0x18, 0x30, 0x60, 0x7E, 0x00, 0x00, 0x1E, 0x18, 0x18, 0x18, 0x18, 0x1E, 0x00 // 0x00000DD0 
, 0x00, 0x40, 0x60, 0x30, 0x18, 0x0C, 0x06, 0x00, 0x00, 0x78, 0x18, 0x18, 0x18, 0x18, 0x78, 0x00 // 0x00000DE0 
, 0x00, 0x08, 0x1C, 0x36, 0x63, 0x00, 0x00, 0x00, 0x00, 0x00, 0x00, 0x00, 0x00, 0x00, 0xFF, 0x00 // 0x00000DF0 
, 0x0C, 0x18, 0x3C, 0x06, 0x3E, 0x66, 0x3E, 0x00, 0x30, 0x18, 0x00, 0x66, 0x66, 0x66, 0x3E, 0x00 // 0x00000E00 
, 0x36, 0x6C, 0x00, 0x76, 0x76, 0x7E, 0x6E, 0x00, 0x0C, 0x18, 0x7E, 0x60, 0x7C, 0x60, 0x7E, 0x00 // 0x00000E10 
, 0x00, 0x00, 0x3C, 0x60, 0x60, 0x3C, 0x18, 0x30, 0x3C, 0x66, 0x00, 0x3C, 0x66, 0x66, 0x3C, 0x00 // 0x00000E20 
, 0x30, 0x18, 0x00, 0x3C, 0x66, 0x66, 0x3C, 0x00, 0x30, 0x18, 0x00, 0x38, 0x18, 0x18, 0x3C, 0x00 // 0x00000E30 
, 0x1C, 0x30, 0x30, 0x78, 0x30, 0x30, 0x7E, 0x00, 0x00, 0x66, 0x00, 0x38, 0x18, 0x18, 0x3C, 0x00 // 0x00000E40 
, 0x00, 0x66, 0x00, 0x66, 0x66, 0x66, 0x3E, 0x00, 0x36, 0x00, 0x3C, 0x06, 0x3E, 0x66, 0x3E, 0x00 // 0x00000E50 
, 0x66, 0x00, 0x3C, 0x66, 0x66, 0x66, 0x3C, 0x00, 0x0C, 0x18, 0x00, 0x66, 0x66, 0x66, 0x3E, 0x00 // 0x00000E60 
, 0x0C, 0x18, 0x00, 0x3C, 0x66, 0x66, 0x3C, 0x00, 0x00, 0x66, 0x00, 0x3C, 0x66, 0x66, 0x3C, 0x00 // 0x00000E70 
, 0x66, 0x00, 0x66, 0x66, 0x66, 0x66, 0x7E, 0x00, 0x3C, 0x66, 0x1C, 0x06, 0x3E, 0x66, 0x3E, 0x00 // 0x00000E80 
, 0x3C, 0x66, 0x00, 0x66, 0x66, 0x66, 0x3E, 0x00, 0x3C, 0x66, 0x00, 0x38, 0x18, 0x18, 0x3C, 0x00 // 0x00000E90 
, 0x0C, 0x18, 0x3C, 0x66, 0x7E, 0x60, 0x3C, 0x00, 0x30, 0x18, 0x3C, 0x66, 0x7E, 0x60, 0x3C, 0x00 // 0x00000EA0 
, 0x36, 0x6C, 0x00, 0x7C, 0x66, 0x66, 0x66, 0x00, 0x3C, 0xC3, 0x3C, 0x66, 0x7E, 0x60, 0x3C, 0x00 // 0x00000EB0 
, 0x18, 0x00, 0x3C, 0x06, 0x3E, 0x66, 0x3E, 0x00, 0x30, 0x18, 0x3C, 0x06, 0x3E, 0x66, 0x3E, 0x00 // 0x00000EC0 
, 0x18, 0x00, 0x18, 0x3C, 0x66, 0x7E, 0x66, 0x00, 0x78, 0x60, 0x78, 0x60, 0x7E, 0x18, 0x1E, 0x00 // 0x00000ED0 
, 0x00, 0x18, 0x3C, 0x7E, 0x18, 0x18, 0x18, 0x00, 0x00, 0x18, 0x18, 0x18, 0x7E, 0x3C, 0x18, 0x00 // 0x00000EE0 
, 0x00, 0x18, 0x30, 0x7E, 0x30, 0x18, 0x00, 0x00, 0x00, 0x18, 0x0C, 0x7E, 0x0C, 0x18, 0x00, 0x00 // 0x00000EF0 
, 0x18, 0x00, 0x18, 0x18, 0x18, 0x18, 0x18, 0x00, 0x00, 0x00, 0x3C, 0x06, 0x3E, 0x66, 0x3E, 0x00 // 0x00000F00 
, 0x00, 0x60, 0x60, 0x7C, 0x66, 0x66, 0x7C, 0x00, 0x00, 0x00, 0x3C, 0x60, 0x60, 0x60, 0x3C, 0x00 // 0x00000F10 
, 0x00, 0x06, 0x06, 0x3E, 0x66, 0x66, 0x3E, 0x00, 0x00, 0x00, 0x3C, 0x66, 0x7E, 0x60, 0x3C, 0x00 // 0x00000F20 
, 0x00, 0x0E, 0x18, 0x3E, 0x18, 0x18, 0x18, 0x00, 0x00, 0x00, 0x3E, 0x66, 0x66, 0x3E, 0x06, 0x7C // 0x00000F30 
, 0x00, 0x60, 0x60, 0x7C, 0x66, 0x66, 0x66, 0x00, 0x00, 0x18, 0x00, 0x38, 0x18, 0x18, 0x3C, 0x00 // 0x00000F40 
, 0x00, 0x06, 0x00, 0x06, 0x06, 0x06, 0x06, 0x3C, 0x00, 0x60, 0x60, 0x6C, 0x78, 0x6C, 0x66, 0x00 // 0x00000F50 
, 0x00, 0x38, 0x18, 0x18, 0x18, 0x18, 0x3C, 0x00, 0x00, 0x00, 0x66, 0x7F, 0x7F, 0x6B, 0x63, 0x00 // 0x00000F60 
, 0x00, 0x00, 0x7C, 0x66, 0x66, 0x66, 0x66, 0x00, 0x00, 0x00, 0x3C, 0x66, 0x66, 0x66, 0x3C, 0x00 // 0x00000F70 
, 0x00, 0x00, 0x7C, 0x66, 0x66, 0x7C, 0x60, 0x60, 0x00, 0x00, 0x3E, 0x66, 0x66, 0x3E, 0x06, 0x06 // 0x00000F80 
, 0x00, 0x00, 0x7C, 0x66, 0x60, 0x60, 0x60, 0x00, 0x00, 0x00, 0x3E, 0x60, 0x3C, 0x06, 0x7C, 0x00 // 0x00000F90 
, 0x00, 0x18, 0x7E, 0x18, 0x18, 0x18, 0x0E, 0x00, 0x00, 0x00, 0x66, 0x66, 0x66, 0x66, 0x3E, 0x00 // 0x00000FA0 
, 0x00, 0x00, 0x66, 0x66, 0x66, 0x3C, 0x18, 0x00, 0x00, 0x00, 0x63, 0x6B, 0x7F, 0x3E, 0x36, 0x00 // 0x00000FB0 
, 0x00, 0x00, 0x66, 0x3C, 0x18, 0x3C, 0x66, 0x00, 0x00, 0x00, 0x66, 0x66, 0x66, 0x3E, 0x0C, 0x78 // 0x00000FC0 
, 0x00, 0x00, 0x7E, 0x0C, 0x18, 0x30, 0x7E, 0x00, 0x66, 0x66, 0x18, 0x3C, 0x66, 0x7E, 0x66, 0x00 // 0x00000FD0 
, 0x18, 0x18, 0x18, 0x18, 0x18, 0x18, 0x18, 0x18, 0x00, 0x7E, 0x78, 0x7C, 0x6E, 0x66, 0x06, 0x00 // 0x00000FE0 
, 0x08, 0x18, 0x38, 0x78, 0x38, 0x18, 0x08, 0x00, 0x10, 0x18, 0x1C, 0x1E, 0x1C, 0x18, 0x10, 0x00 // 0x00000FF0 
, 0x4C, 0x09, 0x50, 0x20, 0x86, 0x50, 0x4C, 0x91, 0x52, 0x20, 0x86, 0x50, 0xA9, 0x00, 0x85, 0x80 // 0x00001000 
, 0x85, 0x81, 0x85, 0x82, 0x8D, 0x08, 0xD2, 0xA9, 0x03, 0x8D, 0x0F, 0xD2, 0x20, 0x10, 0x55, 0xA9 // 0x00001010 
, 0x40, 0x8D, 0x0E, 0xD4, 0xA2, 0x00, 0x20, 0x73, 0x57, 0xA2, 0x3A, 0xA0, 0x51, 0x20, 0x9E, 0x50 // 0x00001020 
, 0xA9, 0xD0, 0x8D, 0x00, 0x02, 0xA9, 0x50, 0x8D, 0x01, 0x02, 0xA2, 0x0C, 0xA9, 0xAA, 0x20, 0x2A // 0x00001030 
, 0x57, 0xA2, 0x00, 0x8E, 0x0A, 0xD4, 0xE8, 0xD0, 0xFA, 0xAD, 0x0B, 0xD4, 0xC9, 0x18, 0xB0, 0xF9 // 0x00001040 
, 0xA9, 0x10, 0x85, 0x87, 0xA9, 0xC0, 0x8D, 0x0E, 0xD4, 0xAD, 0x1F, 0xD0, 0x29, 0x01, 0xD0, 0xF9 // 0x00001050 
, 0xA9, 0xFF, 0x8D, 0xFC, 0x02, 0xA5, 0x86, 0x29, 0x0F, 0xC9, 0x01, 0xF0, 0x10, 0xC9, 0x02, 0xF0 // 0x00001060 
, 0x0F, 0xC9, 0x04, 0xF0, 0x0E, 0xA9, 0x88, 0x85, 0x86, 0xA9, 0xFF, 0x85, 0x82, 0x4C, 0x91, 0x52 // 0x00001070 
, 0x4C, 0x57, 0x55, 0x4C, 0x50, 0x54, 0xA9, 0x11, 0x85, 0x86, 0xA9, 0x21, 0x8D, 0x2F, 0x02, 0xA9 // 0x00001080 
, 0xC0, 0x8D, 0x0E, 0xD4, 0xA9, 0x41, 0x85, 0x83, 0xA9, 0xFF, 0x8D, 0xFC, 0x02, 0x60, 0x85, 0x8A // 0x00001090 
, 0x98, 0x48, 0x8A, 0x48, 0xA9, 0x00, 0x8D, 0x2F, 0x02, 0x8D, 0xDC, 0x02, 0xA9, 0xDA, 0x8D, 0x00 // 0x000010A0 
, 0x02, 0xA9, 0x53, 0x8D, 0x01, 0x02, 0xA2, 0x00, 0x8A, 0x20, 0x2A, 0x57, 0x68, 0xAA, 0x68, 0xA8 // 0x000010B0 
, 0x8E, 0x30, 0x02, 0x86, 0x84, 0x8C, 0x31, 0x02, 0x84, 0x85, 0xA9, 0x21, 0x8D, 0x2F, 0x02, 0x60 // 0x000010C0 
, 0x48, 0x8A, 0x48, 0xA2, 0x7A, 0xA5, 0x87, 0xC9, 0x01, 0xF0, 0x1F, 0x29, 0x01, 0xF0, 0x0A, 0xE6 // 0x000010D0 
, 0xA2, 0xA5, 0xA2, 0x29, 0x20, 0xF0, 0x02, 0xA2, 0x2C, 0x8E, 0x0A, 0xD4, 0x8E, 0x16, 0xD0, 0x18 // 0x000010E0 
, 0x66, 0x87, 0xA9, 0x00, 0x85, 0x4D, 0x68, 0xAA, 0x68, 0x40, 0xA5, 0x88, 0xD0, 0x16, 0xAD, 0x1F // 0x000010F0 
, 0xD0, 0x29, 0x02, 0xD0, 0x1A, 0xA5, 0x86, 0x2A, 0x26, 0x86, 0xA9, 0x20, 0x85, 0xA2, 0xA9, 0xFF // 0x00001100 
, 0x85, 0x88, 0xD0, 0x0B, 0xAD, 0x1F, 0xD0, 0x29, 0x02, 0xF0, 0x04, 0xA9, 0x00, 0x85, 0x88, 0xA5 // 0x00001110 
, 0x86, 0x29, 0x0F, 0x09, 0x10, 0x85, 0x87, 0xE6, 0x80, 0xD0, 0x02, 0xE6, 0x81, 0xA5, 0x81, 0xC9 // 0x00001120 
, 0xFA, 0xD0, 0x04, 0x58, 0x4C, 0x75, 0x50, 0x4C, 0xD3, 0x50, 0x70, 0x70, 0x70, 0x70, 0x70, 0x47 // 0x00001130 
, 0x61, 0x51, 0x70, 0x70, 0x70, 0x4E, 0x00, 0x30, 0x70, 0xF0, 0xC6, 0x71, 0x51, 0x70, 0x86, 0x70 // 0x00001140 
, 0x86, 0x70, 0x06, 0x70, 0x70, 0x4E, 0x00, 0x30, 0x70, 0x70, 0x70, 0x42, 0xB1, 0x51, 0x41, 0x3A // 0x00001150 
, 0x51, 0x00, 0x00, 0x00, 0x00, 0x33, 0x25, 0x2C, 0x26, 0x00, 0x34, 0x25, 0x33, 0x34, 0x00, 0x00 // 0x00001160 
, 0x00, 0x00, 0x00, 0x2D, 0x25, 0x2D, 0x2F, 0x32, 0x39, 0x00, 0x00, 0x00, 0x00, 0x00, 0x00, 0x00 // 0x00001170 
, 0x00, 0x00, 0x00, 0x21, 0x35, 0x24, 0x29, 0x2F, 0x0D, 0x36, 0x29, 0x33, 0x35, 0x21, 0x2C, 0x00 // 0x00001180 
, 0x00, 0x00, 0x00, 0x2B, 0x25, 0x39, 0x22, 0x2F, 0x21, 0x32, 0x24, 0x00, 0x00, 0x00, 0x00, 0x00 // 0x00001190 
, 0x00, 0x00, 0x00, 0x21, 0x2C, 0x2C, 0x00, 0x34, 0x25, 0x33, 0x34, 0x33, 0x00, 0x00, 0x00, 0x00 // 0x000011A0 
, 0x00, 0x00, 0x00, 0x00, 0x00, 0x42, 0xB3, 0xA5, 0xAC, 0xA5, 0xA3, 0xB4, 0x56, 0x0C, 0x42, 0xB3 // 0x000011B0 
, 0xB4, 0xA1, 0xB2, 0xB4, 0x56, 0x2F, 0x32, 0x42, 0xB2, 0xA5, 0xB3, 0xA5, 0xB4, 0x56, 0x00, 0x00 // 0x000011C0 
, 0x00, 0x70, 0x70, 0x70, 0x46, 0x00, 0x30, 0x70, 0x70, 0x06, 0x70, 0x08, 0x70, 0x70, 0x06, 0x70 // 0x000011D0 
, 0x08, 0x70, 0x08, 0x70, 0x08, 0x70, 0x08, 0x70, 0x70, 0x70, 0x01, 0xED, 0x51, 0xA0, 0x40, 0x42 // 0x000011E0 
, 0xF5, 0x51, 0x01, 0x83, 0x00, 0x00, 0x00, 0x00, 0x00, 0x00, 0x42, 0xB2, 0xA5, 0xB3, 0xA5, 0xB4 // 0x000011F0 
, 0x56, 0x2F, 0x32, 0x42, 0xA8, 0xA5, 0xAC, 0xB0, 0x56, 0x34, 0x2F, 0x00, 0x25, 0x38, 0x29, 0x34 // 0x00001200 
, 0x00, 0x00, 0x00, 0x00, 0x00, 0x70, 0x70, 0x70, 0x70, 0x46, 0x00, 0x30, 0x70, 0x70, 0x70, 0x70 // 0x00001210 
, 0x02, 0x70, 0x70, 0x02, 0x70, 0x02, 0x70, 0x02, 0x70, 0x02, 0x70, 0x02, 0x70, 0x70, 0x01, 0xED // 0x00001220 
, 0x51, 0x70, 0x70, 0x70, 0x70, 0x46, 0x71, 0x52, 0x70, 0x06, 0x70, 0x70, 0x4B, 0x00, 0x31, 0x0B // 0x00001230 
, 0x0B, 0x0B, 0x0B, 0x0B, 0x0B, 0x0B, 0x0B, 0x0B, 0x0B, 0x0B, 0x0B, 0x0B, 0x0B, 0x0B, 0x0B, 0x0B // 0x00001240 
, 0x0B, 0x0B, 0x0B, 0x0B, 0x0B, 0x0B, 0x0B, 0x0B, 0x0B, 0x0B, 0x0B, 0x0B, 0x0B, 0x0B, 0x0B, 0x0B // 0x00001250 
, 0x0B, 0x0B, 0x0B, 0x0B, 0x0B, 0x0B, 0x0B, 0x0B, 0x0B, 0x70, 0x46, 0x00, 0x30, 0x70, 0x01, 0xED // 0x00001260 
, 0x51, 0x00, 0x00, 0x21, 0x35, 0x24, 0x29, 0x2F, 0x0D, 0x36, 0x29, 0x33, 0x35, 0x21, 0x2C, 0x00 // 0x00001270 
, 0x00, 0x00, 0x00, 0x00, 0x00, 0x00, 0x00, 0x34, 0x25, 0x33, 0x34, 0x00, 0x00, 0x00, 0x00, 0x00 // 0x00001280 
, 0x00, 0xA2, 0xD1, 0xA0, 0x51, 0xA9, 0x00, 0x20, 0x9E, 0x50, 0xA2, 0x01, 0x20, 0x73, 0x57, 0xA2 // 0x00001290 
, 0x00, 0x20, 0x59, 0x57, 0xA2, 0x01, 0x20, 0x59, 0x57, 0xAD, 0x20, 0x30, 0xC9, 0xAA, 0xF0, 0x17 // 0x000012A0 
, 0xA9, 0x55, 0x20, 0x8E, 0x53, 0x20, 0xB1, 0x53, 0x20, 0x73, 0xFF, 0xB0, 0x05, 0xA9, 0xFF, 0x4C // 0x000012B0 
, 0xC4, 0x52, 0xA9, 0xAA, 0x20, 0x8E, 0x53, 0xAD, 0x24, 0x30, 0xC9, 0xAA, 0xF0, 0x17, 0xA9, 0x55 // 0x000012C0 
, 0x20, 0x99, 0x53, 0x20, 0xB1, 0x53, 0x20, 0x92, 0xFF, 0xB0, 0x05, 0xA9, 0xFF, 0x4C, 0xE2, 0x52 // 0x000012D0 
, 0xA9, 0xAA, 0x20, 0x99, 0x53, 0xA9, 0xC0, 0x85, 0x8D, 0xA9, 0x04, 0x85, 0xA4, 0xA9, 0x00, 0x85 // 0x000012E0 
, 0x8E, 0x85, 0x90, 0x85, 0x91, 0x85, 0x8F, 0xA6, 0x8E, 0xBD, 0x38, 0x30, 0x25, 0x8D, 0xC9, 0x80 // 0x000012F0 
, 0xF0, 0x5C, 0xC9, 0x08, 0xF0, 0x58, 0xA9, 0x44, 0x20, 0xC3, 0x53, 0xA5, 0xA4, 0x20, 0xA4, 0x53 // 0x00001300 
, 0xA5, 0xA4, 0x49, 0x0C, 0x85, 0xA4, 0xA2, 0x07, 0xBD, 0x4A, 0x54, 0xC5, 0x91, 0xF0, 0x37, 0xCA // 0x00001310 
, 0x10, 0xF6, 0xA9, 0x04, 0x85, 0x92, 0xA2, 0x00, 0xA0, 0x00, 0x8A, 0x91, 0x90, 0xE8, 0xC8, 0xD0 // 0x00001320 
, 0xF9, 0x86, 0x93, 0xA0, 0x00, 0xB1, 0x90, 0xC5, 0x93, 0xD0, 0x10, 0xE6, 0x93, 0xC8, 0xD0, 0xF5 // 0x00001330 
, 0xE8, 0xD0, 0xE5, 0xE6, 0x91, 0xC6, 0x92, 0xD0, 0xDD, 0xF0, 0x0E, 0x20, 0xB1, 0x53, 0xA9, 0x88 // 0x00001340 
, 0x20, 0xC3, 0x53, 0x4C, 0x5E, 0x53, 0x20, 0xB5, 0x53, 0xA9, 0xCC, 0x20, 0xC3, 0x53, 0xA5, 0x8D // 0x00001350 
, 0x30, 0x26, 0xA9, 0xC0, 0x85, 0x8D, 0xE6, 0x8E, 0x18, 0xA5, 0x8F, 0x69, 0x04, 0x85, 0x91, 0x85 // 0x00001360 
, 0x8F, 0xCD, 0xE4, 0x02, 0xD0, 0x81, 0xA5, 0x82, 0xD0, 0x03, 0x4C, 0xA9, 0x52, 0xA9, 0x0C, 0x20 // 0x00001370 
, 0xA4, 0x53, 0x20, 0xB5, 0x53, 0x4C, 0x57, 0x55, 0xA9, 0x0C, 0x85, 0x8D, 0xD0, 0xDA, 0xA2, 0x04 // 0x00001380 
, 0x20, 0x2A, 0x57, 0x29, 0xFC, 0x8D, 0x23, 0x30, 0x60, 0xA2, 0x08, 0x20, 0x2A, 0x57, 0x29, 0xFC // 0x00001390 
, 0x8D, 0x27, 0x30, 0x60, 0x85, 0xA5, 0xAD, 0x01, 0xD3, 0x29, 0xF3, 0x05, 0xA5, 0x8D, 0x01, 0xD3 // 0x000013A0 
, 0x60, 0xA2, 0x3C, 0xD0, 0x02, 0xA2, 0x96, 0xA0, 0xFF, 0x8C, 0x0A, 0xD4, 0x88, 0xD0, 0xFA, 0xCA // 0x000013B0 
, 0xD0, 0xF5, 0x60, 0x48, 0xA6, 0x8E, 0xA5, 0x8D, 0x49, 0xFF, 0x3D, 0x38, 0x30, 0x9D, 0x38, 0x30 // 0x000013C0 
, 0x68, 0x25, 0x8D, 0x1D, 0x38, 0x30, 0x9D, 0x38, 0x30, 0x60, 0x48, 0xA9, 0x0C, 0x8D, 0x17, 0xD0 // 0x000013D0 
, 0xAD, 0xC8, 0x02, 0x8D, 0x18, 0xD0, 0xA9, 0x00, 0x85, 0x4D, 0xAD, 0xDC, 0x02, 0xF0, 0x0E, 0xA9 // 0x000013E0 
, 0x00, 0x8D, 0xDC, 0x02, 0xA9, 0x0C, 0x20, 0xA4, 0x53, 0x58, 0x4C, 0x0C, 0x50, 0xA5, 0x8A, 0xF0 // 0x000013F0 
, 0x47, 0xAD, 0x1F, 0xD0, 0x29, 0x01, 0xF0, 0x04, 0xA9, 0xB3, 0xD0, 0x02, 0xA9, 0x33, 0x8D, 0x1C // 0x00001400 
, 0x30, 0xAD, 0x1F, 0xD0, 0x29, 0x02, 0xF0, 0x04, 0xA9, 0xF3, 0xD0, 0x02, 0xA9, 0x73, 0x8D, 0x1E // 0x00001410 
, 0x30, 0xAD, 0x1F, 0xD0, 0x29, 0x04, 0xF0, 0x04, 0xA9, 0xAF, 0xD0, 0x02, 0xA9, 0x2F, 0x8D, 0x20 // 0x00001420 
, 0x30, 0xAD, 0x1F, 0xD0, 0x29, 0x07, 0xC9, 0x07, 0xF0, 0x09, 0xA9, 0x64, 0x8D, 0x02, 0xD2, 0xA9 // 0x00001430 
, 0xA8, 0xD0, 0x02, 0xA9, 0x00, 0x8D, 0x03, 0xD2, 0x68, 0x40, 0x00, 0x50, 0x54, 0x30, 0x30, 0x30 // 0x00001440 
, 0xA2, 0x00, 0x86, 0x94, 0xA2, 0x03, 0x20, 0x73, 0x57, 0xA2, 0x15, 0xA0, 0x52, 0xA9, 0xFF, 0x20 // 0x00001450 
, 0x9E, 0x50, 0xA2, 0x02, 0x20, 0x59, 0x57, 0xA2, 0x07, 0x20, 0x59, 0x57, 0xA5, 0x82, 0xF0, 0x13 // 0x00001460 
, 0xA6, 0x94, 0xBD, 0x45, 0x55, 0xE6, 0x94, 0xA6, 0x94, 0xE0, 0x13, 0xD0, 0x14, 0x20, 0xB5, 0x53 // 0x00001470 
, 0x4C, 0x91, 0x52, 0xAD, 0xFC, 0x02, 0xC9, 0xFF, 0xF0, 0xF9, 0xC9, 0xC0, 0xB0, 0xF5, 0xAD, 0xFC // 0x00001480 
, 0x02, 0xA2, 0xFF, 0x8E, 0xFC, 0x02, 0x48, 0x29, 0x80, 0xF0, 0x05, 0xA2, 0x08, 0x20, 0x59, 0x57 // 0x00001490 
, 0x68, 0x48, 0x29, 0x40, 0xF0, 0x0A, 0xA2, 0x05, 0x20, 0x59, 0x57, 0xA2, 0x04, 0x20, 0x59, 0x57 // 0x000014A0 
, 0x68, 0x29, 0x3F, 0xC9, 0x21, 0xF0, 0x68, 0xC9, 0x2C, 0xF0, 0x74, 0xC9, 0x34, 0xF0, 0x68, 0xC9 // 0x000014B0 
, 0x0C, 0xF0, 0x76, 0xAA, 0xBD, 0x9C, 0x57, 0x48, 0xA9, 0x21, 0x85, 0x95, 0xA9, 0x30, 0x85, 0x96 // 0x000014C0 
, 0x68, 0xA0, 0xFF, 0xC8, 0xD1, 0x95, 0xD0, 0xFB, 0xB1, 0x95, 0x49, 0x80, 0x91, 0x95, 0xA5, 0x82 // 0x000014D0 
, 0xF0, 0x13, 0x20, 0x05, 0x55, 0xA2, 0x14, 0x20, 0xB7, 0x53, 0x20, 0x10, 0x55, 0xA2, 0x0A, 0x20 // 0x000014E0 
, 0xB7, 0x53, 0x4C, 0x62, 0x54, 0x20, 0x05, 0x55, 0xAD, 0x0F, 0xD2, 0x29, 0x04, 0xF0, 0xF9, 0x20 // 0x000014F0 
, 0x10, 0x55, 0x4C, 0x62, 0x54, 0xA9, 0x64, 0x8D, 0x00, 0xD2, 0xA9, 0xA8, 0x8D, 0x01, 0xD2, 0x60 // 0x00001500 
, 0xA9, 0x00, 0x8D, 0x01, 0xD2, 0x8D, 0x03, 0xD2, 0x8D, 0x05, 0xD2, 0x8D, 0x07, 0xD2, 0x60, 0xA2 // 0x00001510 
, 0x03, 0x20, 0x59, 0x57, 0x4C, 0xDE, 0x54, 0xA2, 0x06, 0x20, 0x59, 0x57, 0x4C, 0xDE, 0x54, 0xA9 // 0x00001520 
, 0x7F, 0x8D, 0x52, 0x30, 0x8D, 0x53, 0x30, 0xD0, 0xA5, 0xA9, 0x32, 0x8D, 0x6D, 0x30, 0xA9, 0x34 // 0x00001530 
, 0x8D, 0x6E, 0x30, 0xD0, 0x99, 0x52, 0x08, 0x0A, 0x2B, 0x28, 0x0D, 0x3D, 0x39, 0x2D, 0x1F, 0x30 // 0x00001540 
, 0x35, 0x1A, 0x7F, 0x2D, 0x3F, 0x28, 0x0D, 0xA2, 0x02, 0x20, 0x73, 0x57, 0xA9, 0x00, 0x85, 0x97 // 0x00001550 
, 0xA9, 0x00, 0x85, 0x98, 0xA2, 0x31, 0xA0, 0x52, 0xA9, 0x00, 0x20, 0x9E, 0x50, 0xA2, 0x09, 0x20 // 0x00001560 
, 0x59, 0x57, 0xA5, 0x97, 0x4A, 0x18, 0x69, 0x11, 0x8D, 0x0B, 0x30, 0xA2, 0x0F, 0xA9, 0xFF, 0x9D // 0x00001570 
, 0x50, 0x31, 0x9D, 0xB0, 0x31, 0x9D, 0x10, 0x32, 0x9D, 0x70, 0x32, 0x9D, 0xD0, 0x32, 0xCA, 0x10 // 0x00001580 
, 0xEC, 0xA9, 0x00, 0x85, 0x99, 0xA9, 0x0C, 0x85, 0x9A, 0xA6, 0x99, 0xBD, 0x17, 0x57, 0xA8, 0xBD // 0x00001590 
, 0x16, 0x57, 0xAA, 0xA5, 0x9A, 0x20, 0x85, 0x56, 0x18, 0xA5, 0x9A, 0x69, 0x06, 0x85, 0x9A, 0xE6 // 0x000015A0 
, 0x99, 0xE6, 0x99, 0xA5, 0x99, 0xC9, 0x14, 0xD0, 0xE0, 0x20, 0xB1, 0x53, 0xA2, 0x54, 0xA0, 0x31 // 0x000015B0 
, 0xA9, 0x00, 0x20, 0x85, 0x56, 0xA9, 0x51, 0x20, 0x6C, 0x56, 0xA2, 0x86, 0xA0, 0x31, 0xA9, 0x00 // 0x000015C0 
, 0x20, 0x85, 0x56, 0xA9, 0x5B, 0x20, 0x6C, 0x56, 0xA2, 0xF8, 0xA0, 0x30, 0xA9, 0x48, 0x20, 0x85 // 0x000015D0 
, 0x56, 0xA2, 0xC7, 0xA0, 0x30, 0xA9, 0x54, 0x20, 0x85, 0x56, 0xA2, 0x48, 0xA0, 0x32, 0xA9, 0x4E // 0x000015E0 
, 0x20, 0x85, 0x56, 0xA9, 0x44, 0x20, 0x6C, 0x56, 0xA2, 0xCA, 0xA0, 0x30, 0xA9, 0x48, 0x20, 0x85 // 0x000015F0 
, 0x56, 0xA2, 0x1A, 0xA0, 0x32, 0xA9, 0x4E, 0x20, 0x85, 0x56, 0xA2, 0xCA, 0xA0, 0x31, 0xA9, 0x06 // 0x00001600 
, 0x20, 0x85, 0x56, 0xA9, 0x3C, 0x20, 0x6C, 0x56, 0xA2, 0x3C, 0xA0, 0x30, 0xA9, 0x48, 0x20, 0x85 // 0x00001610 
, 0x56, 0xA2, 0x8C, 0xA0, 0x31, 0xA9, 0x4E, 0x20, 0x85, 0x56, 0xA2, 0x3C, 0xA0, 0x31, 0xA9, 0x06 // 0x00001620 
, 0x20, 0x85, 0x56, 0xA9, 0x2D, 0x20, 0x6C, 0x56, 0xA2, 0x9E, 0xA0, 0x30, 0xA9, 0x48, 0x20, 0x85 // 0x00001630 
, 0x56, 0xA2, 0xEE, 0xA0, 0x31, 0xA9, 0x4E, 0x20, 0x85, 0x56, 0xA9, 0x35, 0x20, 0x6C, 0x56, 0x20 // 0x00001640 
, 0xB5, 0x53, 0xE6, 0x97, 0xE6, 0x97, 0xA5, 0x97, 0xC9, 0x08, 0xD0, 0x07, 0xA5, 0x82, 0xD0, 0x06 // 0x00001650 
, 0x4C, 0x5C, 0x55, 0x4C, 0x60, 0x55, 0x20, 0xB5, 0x53, 0x4C, 0x50, 0x54, 0xA4, 0x97, 0x99, 0x00 // 0x00001660 
, 0xD2, 0xA9, 0xA8, 0x99, 0x01, 0xD2, 0xA6, 0x98, 0xBD, 0xB6, 0x56, 0xAA, 0x20, 0xB7, 0x53, 0xE6 // 0x00001670 
, 0x98, 0x20, 0x10, 0x55, 0x60, 0x86, 0x9B, 0x84, 0x9C, 0xAA, 0xA0, 0x00, 0xA9, 0x10, 0x85, 0x9D // 0x00001680 
, 0xA9, 0x06, 0x85, 0xA3, 0xBD, 0xBC, 0x56, 0x11, 0x9B, 0x91, 0x9B, 0x20, 0xAA, 0x56, 0xC6, 0x9D // 0x00001690 
, 0xD0, 0xF2, 0xE6, 0x9D, 0xE8, 0xC6, 0xA3, 0xD0, 0xEB, 0x60, 0x18, 0xA5, 0x9B, 0x69, 0x10, 0x85 // 0x000016A0 
, 0x9B, 0x90, 0x02, 0xE6, 0x9C, 0x60, 0x20, 0x20, 0x20, 0x10, 0x10, 0x20, 0x01, 0x1F, 0x3F, 0x7F // 0x000016B0 
, 0x3E, 0x1C, 0x00, 0x41, 0x42, 0x4C, 0x70, 0x40, 0x00, 0x01, 0x02, 0x04, 0x08, 0x10, 0x00, 0x43 // 0x000016C0 
, 0x44, 0x48, 0x48, 0x48, 0x00, 0x44, 0x22, 0x10, 0x08, 0x07, 0x00, 0x04, 0x08, 0x05, 0x02, 0x00 // 0x000016D0 
, 0x00, 0x30, 0x48, 0x88, 0x84, 0x84, 0x00, 0x88, 0x88, 0x90, 0xA0, 0xC0, 0x00, 0xF0, 0x88, 0x84 // 0x000016E0 
, 0x82, 0x82, 0x00, 0x82, 0x82, 0x84, 0x88, 0xF0, 0x00, 0x00, 0x00, 0x00, 0x00, 0x80, 0x80, 0x80 // 0x000016F0 
, 0x80, 0x80, 0x80, 0x80, 0x00, 0x1C, 0x3E, 0x7F, 0x7E, 0x7C, 0x40, 0x00, 0x00, 0x00, 0x00, 0x00 // 0x00001700 
, 0x00, 0x04, 0x04, 0x06, 0x05, 0x06, 0xC1, 0x30, 0x21, 0x31, 0x81, 0x31, 0xF1, 0x31, 0x02, 0x30 // 0x00001710 
, 0x62, 0x30, 0x22, 0x31, 0x82, 0x31, 0xC2, 0x30, 0xC2, 0x31, 0x48, 0xBD, 0xDC, 0x57, 0x85, 0x9E // 0x00001720 
, 0xBD, 0xDD, 0x57, 0x85, 0x9F, 0xBD, 0xDE, 0x57, 0x85, 0xA0, 0xBD, 0xDF, 0x57, 0x85, 0xA1, 0xA0 // 0x00001730 
, 0x00, 0x68, 0x91, 0x9E, 0xE6, 0x9E, 0xD0, 0x02, 0xE6, 0x9F, 0x48, 0xA5, 0x9E, 0xC5, 0xA0, 0xD0 // 0x00001740 
, 0xF0, 0xA5, 0x9F, 0xC5, 0xA1, 0xD0, 0xEA, 0x68, 0x60, 0xBD, 0x57, 0xCA, 0xA8, 0xBD, 0xEC, 0x57 // 0x00001750 
, 0x85, 0x9E, 0xBD, 0xF6, 0x57, 0xAA, 0xB9, 0x61, 0xCA, 0x9D, 0x00, 0x30, 0xC8, 0xE8, 0xC6, 0x9E // 0x00001760 
, 0xD0, 0xF4, 0x60, 0xBD, 0x8C, 0x57, 0x8D, 0xC4, 0x02, 0xBD, 0x90, 0x57, 0x8D, 0xC5, 0x02, 0xBD // 0x00001770 
, 0x94, 0x57, 0x8D, 0xC6, 0x02, 0xBD, 0x98, 0x57, 0x8D, 0xC8, 0x02, 0x60, 0x2C, 0x0C, 0x2A, 0x18 // 0x00001780 
, 0x0F, 0x32, 0x0C, 0x0E, 0xD2, 0xD6, 0x00, 0xB4, 0xD2, 0xA0, 0x30, 0xB4, 0x2C, 0x2A, 0x1B, 0x91 // 0x00001790 
, 0x92, 0x2B, 0x0B, 0x0A, 0x2F, 0x00, 0x30, 0x35, 0xB2, 0x29, 0x0D, 0x1D, 0x36, 0xA8, 0x23, 0x93 // 0x000017A0 
, 0x94, 0x22, 0x38, 0x3A, 0x14, 0x00, 0x13, 0x16, 0x5B, 0x15, 0x12, 0x11, 0x0C, 0x00, 0x0E, 0x2E // 0x000017B0 
, 0x00, 0x2D, 0x0F, 0xA1, 0x32, 0x00, 0x25, 0x39, 0xFF, 0x34, 0x37, 0x31, 0x19, 0x00, 0x10, 0x17 // 0x000017C0 
, 0xA2, 0x18, 0x1C, 0x1E, 0x26, 0x28, 0x24, 0x00, 0xA3, 0x27, 0x33, 0x21, 0x00, 0x30, 0xFF, 0x3E // 0x000017D0 
, 0x20, 0x30, 0x24, 0x30, 0x24, 0x30, 0x28, 0x30, 0x00, 0x30, 0x20, 0x30, 0x13, 0x03, 0x13, 0x13 // 0x000017E0 
, 0x04, 0x04, 0x03, 0xA8, 0x03, 0x07, 0x00, 0x28, 0x00, 0xB7, 0x92, 0xAB, 0x4C, 0x22, 0x72, 0x04 // 0x000017F0 
, 0x20, 0xA1, 0xDB, 0x20, 0xBB, 0xDB, 0xB0, 0x39, 0xA2, 0xED, 0xA0, 0x04, 0x20, 0x48, 0xDA, 0xA2 // 0x00001800 
, 0xFF, 0x86, 0xF1, 0x20, 0x44, 0xDA, 0xF0, 0x04, 0xA9, 0xFF, 0x85, 0xF0, 0x20, 0x94, 0xDB, 0xB0 // 0x00001810 
, 0x21, 0x48, 0xA6, 0xD5, 0xD0, 0x11, 0x20, 0xEB, 0xDB, 0x68, 0x05, 0xD9, 0x85, 0xD9, 0xA6, 0xF1 // 0x00001820 
, 0x30, 0xE6, 0xE8, 0x86, 0xF1, 0xD0, 0xE1, 0x68, 0xA6, 0xF1, 0x10, 0x02, 0xE6, 0xED, 0x4C, 0x18 // 0x00001830 
, 0xD8, 0x60, 0xC9, 0x2E, 0xF0, 0x14, 0xC9, 0x45, 0xF0, 0x19, 0xA6, 0xF0, 0xD0, 0x68, 0xC9, 0x2B // 0x00001840 
, 0xF0, 0xC6, 0xC9, 0x2D, 0xF0, 0x00, 0x85, 0xEE, 0xF0, 0xBE, 0xA6, 0xF1, 0x10, 0x58, 0xE8, 0x86 // 0x00001850 
, 0xF1, 0xF0, 0xB5, 0xA5, 0xF2, 0x85, 0xEC, 0x20, 0x94, 0xDB, 0xB0, 0x37, 0xAA, 0xA5, 0xED, 0x48 // 0x00001860 
, 0x86, 0xED, 0x20, 0x94, 0xDB, 0xB0, 0x17, 0x48, 0xA5, 0xED, 0x0A, 0x85, 0xED, 0x0A, 0x0A, 0x65 // 0x00001870 
, 0xED, 0x85, 0xED, 0x68, 0x18, 0x65, 0xED, 0x85, 0xED, 0xA4, 0xF2, 0x20, 0x9D, 0xDB, 0xA5, 0xEF // 0x00001880 
, 0xF0, 0x09, 0xA5, 0xED, 0x49, 0xFF, 0x18, 0x69, 0x01, 0x85, 0xED, 0x68, 0x18, 0x65, 0xED, 0x85 // 0x00001890 
, 0xED, 0xD0, 0x13, 0xC9, 0x2B, 0xF0, 0x06, 0xC9, 0x2D, 0xD0, 0x07, 0x85, 0xEF, 0x20, 0x94, 0xDB // 0x000018A0 
, 0x90, 0xBA, 0xA5, 0xEC, 0x85, 0xF2, 0xC6, 0xF2, 0xA5, 0xED, 0xA6, 0xF1, 0x30, 0x05, 0xF0, 0x03 // 0x000018B0 
, 0x38, 0xE5, 0xF1, 0x48, 0x2A, 0x68, 0x6A, 0x85, 0xED, 0x90, 0x03, 0x20, 0xEB, 0xDB, 0xA5, 0xED // 0x000018C0 
, 0x18, 0x69, 0x44, 0x85, 0xD4, 0x20, 0x00, 0xDC, 0xB0, 0x0B, 0xA6, 0xEE, 0xF0, 0x06, 0xA5, 0xD4 // 0x000018D0 
, 0x09, 0x80, 0x85, 0xD4, 0x18, 0x60, 0x20, 0x51, 0xDA, 0xA9, 0x30, 0x8D, 0x7F, 0x05, 0xA5, 0xD4 // 0x000018E0 
, 0xF0, 0x28, 0x29, 0x7F, 0xC9, 0x3F, 0x90, 0x28, 0xC9, 0x45, 0xB0, 0x24, 0x38, 0xE9, 0x3F, 0x20 // 0x000018F0 
, 0x70, 0xDC, 0x20, 0xA4, 0xDC, 0x09, 0x80, 0x9D, 0x80, 0x05, 0xAD, 0x80, 0x05, 0xC9, 0x2E, 0xF0 // 0x00001900 
, 0x03, 0x4C, 0x88, 0xD9, 0x20, 0xC1, 0xDC, 0x4C, 0x9C, 0xD9, 0xA9, 0xB0, 0x8D, 0x80, 0x05, 0x60 // 0x00001910 
, 0xA9, 0x01, 0x20, 0x70, 0xDC, 0x20, 0xA4, 0xDC, 0xE8, 0x86, 0xF2, 0xA5, 0xD4, 0x0A, 0x38, 0xE9 // 0x00001920 
, 0x80, 0xAE, 0x80, 0x05, 0xE0, 0x30, 0xF0, 0x17, 0xAE, 0x81, 0x05, 0xAC, 0x82, 0x05, 0x8E, 0x82 // 0x00001930 
, 0x05, 0x8C, 0x81, 0x05, 0xA6, 0xF2, 0xE0, 0x02, 0xD0, 0x02, 0xE6, 0xF2, 0x18, 0x69, 0x01, 0x85 // 0x00001940 
, 0xED, 0xA9, 0x45, 0xA4, 0xF2, 0x20, 0x9F, 0xDC, 0x84, 0xF2, 0xA5, 0xED, 0x10, 0x0B, 0xA9, 0x00 // 0x00001950 
, 0x38, 0xE5, 0xED, 0x85, 0xED, 0xA9, 0x2D, 0xD0, 0x02, 0xA9, 0x2B, 0x20, 0x9F, 0xDC, 0xA2, 0x00 // 0x00001960 
, 0xA5, 0xED, 0x38, 0xE9, 0x0A, 0x90, 0x03, 0xE8, 0xD0, 0xF8, 0x18, 0x69, 0x0A, 0x48, 0x8A, 0x20 // 0x00001970 
, 0x9D, 0xDC, 0x68, 0x09, 0x80, 0x20, 0x9D, 0xDC, 0xAD, 0x80, 0x05, 0xC9, 0x30, 0xD0, 0x0D, 0x18 // 0x00001980 
, 0xA5, 0xF3, 0x69, 0x01, 0x85, 0xF3, 0xA5, 0xF4, 0x69, 0x00, 0x85, 0xF4, 0xA5, 0xD4, 0x10, 0x09 // 0x00001990 
, 0x20, 0xC1, 0xDC, 0xA0, 0x00, 0xA9, 0x2D, 0x91, 0xF3, 0x60, 0xA5, 0xD4, 0x85, 0xF8, 0xA5, 0xD5 // 0x000019A0 
, 0x85, 0xF7, 0x20, 0x44, 0xDA, 0xF8, 0xA0, 0x10, 0x06, 0xF8, 0x26, 0xF7, 0xA2, 0x03, 0xB5, 0xD4 // 0x000019B0 
, 0x75, 0xD4, 0x95, 0xD4, 0xCA, 0xD0, 0xF7, 0x88, 0xD0, 0xEE, 0xD8, 0xA9, 0x42, 0x85, 0xD4, 0x4C // 0x000019C0 
, 0x00, 0xDC, 0xA9, 0x00, 0x85, 0xF7, 0x85, 0xF8, 0xA5, 0xD4, 0x30, 0x66, 0xC9, 0x43, 0xB0, 0x62 // 0x000019D0 
, 0x38, 0xE9, 0x40, 0x90, 0x3F, 0x69, 0x00, 0x0A, 0x85, 0xF5, 0x20, 0x5A, 0xDA, 0xB0, 0x53, 0xA5 // 0x000019E0 
, 0xF7, 0x85, 0xF9, 0xA5, 0xF8, 0x85, 0xFA, 0x20, 0x5A, 0xDA, 0xB0, 0x46, 0x20, 0x5A, 0xDA, 0xB0 // 0x000019F0 
, 0x41, 0x18, 0xA5, 0xF8, 0x65, 0xFA, 0x85, 0xF8, 0xA5, 0xF7, 0x65, 0xF9, 0x85, 0xF7, 0xB0, 0x32 // 0x00001A00 
, 0x20, 0xB9, 0xDC, 0x18, 0x65, 0xF8, 0x85, 0xF8, 0xA5, 0xF7, 0x69, 0x00, 0xB0, 0x24, 0x85, 0xF7 // 0x00001A10 
, 0xC6, 0xF5, 0xD0, 0xC6, 0x20, 0xB9, 0xDC, 0xC9, 0x05, 0x90, 0x0D, 0x18, 0xA5, 0xF8, 0x69, 0x01 // 0x00001A20 
, 0x85, 0xF8, 0xA5, 0xF7, 0x69, 0x00, 0x85, 0xF7, 0xA5, 0xF8, 0x85, 0xD4, 0xA5, 0xF7, 0x85, 0xD5 // 0x00001A30 
, 0x18, 0x60, 0x38, 0x60, 0xA2, 0xD4, 0xA0, 0x06, 0xA9, 0x00, 0x95, 0x00, 0xE8, 0x88, 0xD0, 0xFA // 0x00001A40 
, 0x60, 0xA9, 0x05, 0x85, 0xF4, 0xA9, 0x80, 0x85, 0xF3, 0x60, 0x18, 0x26, 0xF8, 0x26, 0xF7, 0x60 // 0x00001A50 
, 0xA5, 0xE0, 0x49, 0x80, 0x85, 0xE0, 0xA5, 0xE0, 0x29, 0x7F, 0x85, 0xF7, 0xA5, 0xD4, 0x29, 0x7F // 0x00001A60 
, 0x38, 0xE5, 0xF7, 0x10, 0x10, 0xA2, 0x05, 0xB5, 0xD4, 0xB4, 0xE0, 0x95, 0xE0, 0x98, 0x95, 0xD4 // 0x00001A70 
, 0xCA, 0x10, 0xF4, 0x30, 0xE1, 0xF0, 0x07, 0xC9, 0x05, 0xB0, 0x19, 0x20, 0x3E, 0xDC, 0xF8, 0xA5 // 0x00001A80 
, 0xD4, 0x45, 0xE0, 0x30, 0x1E, 0xA2, 0x04, 0x18, 0xB5, 0xD5, 0x75, 0xE1, 0x95, 0xD5, 0xCA, 0x10 // 0x00001A90 
, 0xF7, 0xD8, 0xB0, 0x03, 0x4C, 0x00, 0xDC, 0xA9, 0x01, 0x20, 0x3A, 0xDC, 0xA9, 0x01, 0x85, 0xD5 // 0x00001AA0 
, 0x4C, 0x00, 0xDC, 0xA2, 0x04, 0x38, 0xB5, 0xD5, 0xF5, 0xE1, 0x95, 0xD5, 0xCA, 0x10, 0xF7, 0x90 // 0x00001AB0 
, 0x04, 0xD8, 0x4C, 0x00, 0xDC, 0xA5, 0xD4, 0x49, 0x80, 0x85, 0xD4, 0x38, 0xA2, 0x04, 0xA9, 0x00 // 0x00001AC0 
, 0xF5, 0xD5, 0x95, 0xD5, 0xCA, 0x10, 0xF7, 0xD8, 0x4C, 0x00, 0xDC, 0xA5, 0xD4, 0xF0, 0x45, 0xA5 // 0x00001AD0 
, 0xE0, 0xF0, 0x3E, 0x20, 0xCF, 0xDC, 0x38, 0xE9, 0x40, 0x38, 0x65, 0xE0, 0x30, 0x38, 0x20, 0xE0 // 0x00001AE0 
, 0xDC, 0xA5, 0xDF, 0x29, 0x0F, 0x85, 0xF6, 0xC6, 0xF6, 0x30, 0x06, 0x20, 0x01, 0xDD, 0x4C, 0xF7 // 0x00001AF0 
, 0xDA, 0xA5, 0xDF, 0x4A, 0x4A, 0x4A, 0x4A, 0x85, 0xF6, 0xC6, 0xF6, 0x30, 0x06, 0x20, 0x05, 0xDD // 0x00001B00 
, 0x4C, 0x09, 0xDB, 0x20, 0x62, 0xDC, 0xC6, 0xF5, 0xD0, 0xD7, 0xA5, 0xED, 0x85, 0xD4, 0x4C, 0x04 // 0x00001B10 
, 0xDC, 0x20, 0x44, 0xDA, 0x18, 0x60, 0x38, 0x60, 0xA5, 0xE0, 0xF0, 0xFA, 0xA5, 0xD4, 0xF0, 0xF4 // 0x00001B20 
, 0x20, 0xCF, 0xDC, 0x38, 0xE5, 0xE0, 0x18, 0x69, 0x40, 0x30, 0xEB, 0x20, 0xE0, 0xDC, 0xE6, 0xF5 // 0x00001B30 
, 0x4C, 0x4E, 0xDB, 0xA2, 0x00, 0xB5, 0xD5, 0x95, 0xD4, 0xE8, 0xE0, 0x0C, 0xD0, 0xF7, 0xA0, 0x05 // 0x00001B40 
, 0x38, 0xF8, 0xB9, 0xDA, 0x00, 0xF9, 0xE6, 0x00, 0x99, 0xDA, 0x00, 0x88, 0x10, 0xF4, 0xD8, 0x90 // 0x00001B50 
, 0x04, 0xE6, 0xD9, 0xD0, 0xE9, 0x20, 0x0F, 0xDD, 0x06, 0xD9, 0x06, 0xD9, 0x06, 0xD9, 0x06, 0xD9 // 0x00001B60 
, 0xA0, 0x05, 0x38, 0xF8, 0xB9, 0xDA, 0x00, 0xF9, 0xE0, 0x00, 0x99, 0xDA, 0x00, 0x88, 0x10, 0xF4 // 0x00001B70 
, 0xD8, 0x90, 0x04, 0xE6, 0xD9, 0xD0, 0xE9, 0x20, 0x09, 0xDD, 0xC6, 0xF5, 0xD0, 0xB5, 0x20, 0x62 // 0x00001B80 
, 0xDC, 0x4C, 0x1A, 0xDB, 0x20, 0xAF, 0xDB, 0xA4, 0xF2, 0x90, 0x02, 0xB1, 0xF3, 0xC8, 0x84, 0xF2 // 0x00001B90 
, 0x60, 0xA4, 0xF2, 0xA9, 0x20, 0xD1, 0xF3, 0xD0, 0x03, 0xC8, 0xD0, 0xF9, 0x84, 0xF2, 0x60, 0xA4 // 0x00001BA0 
, 0xF2, 0xB1, 0xF3, 0x38, 0xE9, 0x30, 0x90, 0x18, 0xC9, 0x0A, 0x60, 0xA5, 0xF2, 0x48, 0x20, 0x94 // 0x00001BB0 
, 0xDB, 0x90, 0x1F, 0xC9, 0x2E, 0xF0, 0x14, 0xC9, 0x2B, 0xF0, 0x07, 0xC9, 0x2D, 0xF0, 0x03, 0x68 // 0x00001BC0 
, 0x38, 0x60, 0x20, 0x94, 0xDB, 0x90, 0x0B, 0xC9, 0x2E, 0xD0, 0xF4, 0x20, 0x94, 0xDB, 0x90, 0x02 // 0x00001BD0 
, 0xB0, 0xED, 0x68, 0x85, 0xF2, 0x18, 0x60, 0xA2, 0xE7, 0xD0, 0x02, 0xA2, 0xD5, 0xA0, 0x04, 0x18 // 0x00001BE0 
, 0x36, 0x04, 0x36, 0x03, 0x36, 0x02, 0x36, 0x01, 0x36, 0x00, 0x26, 0xEC, 0x88, 0xD0, 0xF0, 0x60 // 0x00001BF0 
, 0xA2, 0x00, 0x86, 0xDA, 0xA2, 0x04, 0xA5, 0xD4, 0xF0, 0x2E, 0xA5, 0xD5, 0xD0, 0x1A, 0xA0, 0x00 // 0x00001C00 
, 0xB9, 0xD6, 0x00, 0x99, 0xD5, 0x00, 0xC8, 0xC0, 0x05, 0x90, 0xF5, 0xC6, 0xD4, 0xCA, 0xD0, 0xEA // 0x00001C10 
, 0xA5, 0xD5, 0xD0, 0x04, 0x85, 0xD4, 0x18, 0x60, 0xA5, 0xD4, 0x29, 0x7F, 0xC9, 0x71, 0x90, 0x01 // 0x00001C20 
, 0x60, 0xC9, 0x0F, 0xB0, 0x03, 0x20, 0x44, 0xDA, 0x18, 0x60, 0xA2, 0xD4, 0xD0, 0x02, 0xA2, 0xE0 // 0x00001C30 
, 0x86, 0xF9, 0x85, 0xF7, 0x85, 0xF8, 0xA0, 0x04, 0xB5, 0x04, 0x95, 0x05, 0xCA, 0x88, 0xD0, 0xF8 // 0x00001C40 
, 0xA9, 0x00, 0x95, 0x05, 0xA6, 0xF9, 0xC6, 0xF7, 0xD0, 0xEC, 0xB5, 0x00, 0x18, 0x65, 0xF8, 0x95 // 0x00001C50 
, 0x00, 0x60, 0xA2, 0x0A, 0xB5, 0xD4, 0x95, 0xD5, 0xCA, 0x10, 0xF9, 0xA9, 0x00, 0x85, 0xD4, 0x60 // 0x00001C60 
, 0x85, 0xF7, 0xA2, 0x00, 0xA0, 0x00, 0x20, 0x93, 0xDC, 0x38, 0xE9, 0x01, 0x85, 0xF7, 0xB5, 0xD5 // 0x00001C70 
, 0x4A, 0x4A, 0x4A, 0x4A, 0x20, 0x9D, 0xDC, 0xB5, 0xD5, 0x29, 0x0F, 0x20, 0x9D, 0xDC, 0xE8, 0xE0 // 0x00001C80 
, 0x05, 0x90, 0xE3, 0xA5, 0xF7, 0xD0, 0x05, 0xA9, 0x2E, 0x20, 0x9F, 0xDC, 0x60, 0x09, 0x30, 0x99 // 0x00001C90 
, 0x80, 0x05, 0xC8, 0x60, 0xA2, 0x0A, 0xBD, 0x80, 0x05, 0xC9, 0x2E, 0xF0, 0x07, 0xC9, 0x30, 0xD0 // 0x00001CA0 
, 0x07, 0xCA, 0xD0, 0xF2, 0xCA, 0xBD, 0x80, 0x05, 0x60, 0x20, 0xEB, 0xDB, 0xA5, 0xEC, 0x29, 0x0F // 0x00001CB0 
, 0x60, 0x38, 0xA5, 0xF3, 0xE9, 0x01, 0x85, 0xF3, 0xA5, 0xF4, 0xE9, 0x00, 0x85, 0xF4, 0x60, 0xA5 // 0x00001CC0 
, 0xD4, 0x45, 0xE0, 0x29, 0x80, 0x85, 0xEE, 0x06, 0xE0, 0x46, 0xE0, 0xA5, 0xD4, 0x29, 0x7F, 0x60 // 0x00001CD0 
, 0x05, 0xEE, 0x85, 0xED, 0xA9, 0x00, 0x85, 0xD4, 0x85, 0xE0, 0x20, 0x28, 0xDD, 0x20, 0xE7, 0xDB // 0x00001CE0 
, 0xA5, 0xEC, 0x29, 0x0F, 0x85, 0xE6, 0xA9, 0x05, 0x85, 0xF5, 0x20, 0x34, 0xDD, 0x20, 0x44, 0xDA // 0x00001CF0 
, 0x60, 0xA2, 0xD9, 0xD0, 0x06, 0xA2, 0xD9, 0xD0, 0x08, 0xA2, 0xDF, 0xA0, 0xE5, 0xD0, 0x04, 0xA2 // 0x00001D00 
, 0xDF, 0xA0, 0xEB, 0xA9, 0x05, 0x85, 0xF7, 0x18, 0xF8, 0xB5, 0x00, 0x79, 0x00, 0x00, 0x95, 0x00 // 0x00001D10 
, 0xCA, 0x88, 0xC6, 0xF7, 0x10, 0xF3, 0xD8, 0x60, 0xA0, 0x05, 0xB9, 0xE0, 0x00, 0x99, 0xE6, 0x00 // 0x00001D20 
, 0x88, 0x10, 0xF7, 0x60, 0xA0, 0x05, 0xB9, 0xD4, 0x00, 0x99, 0xDA, 0x00, 0x88, 0x10, 0xF7, 0x60 // 0x00001D30 
, 0x86, 0xFE, 0x84, 0xFF, 0x85, 0xEF, 0xA2, 0xE0, 0xA0, 0x05, 0x20, 0xA7, 0xDD, 0x20, 0xB6, 0xDD // 0x00001D40 
, 0xA6, 0xFE, 0xA4, 0xFF, 0x20, 0x89, 0xDD, 0xC6, 0xEF, 0xF0, 0x2D, 0x20, 0xDB, 0xDA, 0xB0, 0x28 // 0x00001D50 
, 0x18, 0xA5, 0xFE, 0x69, 0x06, 0x85, 0xFE, 0x90, 0x06, 0xA5, 0xFF, 0x69, 0x00, 0x85, 0xFF, 0xA6 // 0x00001D60 
, 0xFE, 0xA4, 0xFF, 0x20, 0x98, 0xDD, 0x20, 0x66, 0xDA, 0xB0, 0x0D, 0xC6, 0xEF, 0xF0, 0x09, 0xA2 // 0x00001D70 
, 0xE0, 0xA0, 0x05, 0x20, 0x98, 0xDD, 0x30, 0xD3, 0x60, 0x86, 0xFC, 0x84, 0xFD, 0xA0, 0x05, 0xB1 // 0x00001D80 
, 0xFC, 0x99, 0xD4, 0x00, 0x88, 0x10, 0xF8, 0x60, 0x86, 0xFC, 0x84, 0xFD, 0xA0, 0x05, 0xB1, 0xFC // 0x00001D90 
, 0x99, 0xE0, 0x00, 0x88, 0x10, 0xF8, 0x60, 0x86, 0xFC, 0x84, 0xFD, 0xA0, 0x05, 0xB9, 0xD4, 0x00 // 0x00001DA0 
, 0x91, 0xFC, 0x88, 0x10, 0xF8, 0x60, 0xA2, 0x05, 0xB5, 0xD4, 0x95, 0xE0, 0xCA, 0x10, 0xF9, 0x60 // 0x00001DB0 
, 0xA2, 0x89, 0xA0, 0xDE, 0x20, 0x98, 0xDD, 0x20, 0xDB, 0xDA, 0xB0, 0x7F, 0xA9, 0x00, 0x85, 0xF1 // 0x00001DC0 
, 0xA5, 0xD4, 0x85, 0xF0, 0x29, 0x7F, 0x85, 0xD4, 0x38, 0xE9, 0x40, 0x30, 0x26, 0xC9, 0x04, 0x10 // 0x00001DD0 
, 0x6A, 0xA2, 0xE6, 0xA0, 0x05, 0x20, 0xA7, 0xDD, 0x20, 0xD2, 0xD9, 0xA5, 0xD4, 0x85, 0xF1, 0xA5 // 0x00001DE0 
, 0xD5, 0xD0, 0x58, 0x20, 0xAA, 0xD9, 0x20, 0xB6, 0xDD, 0xA2, 0xE6, 0xA0, 0x05, 0x20, 0x89, 0xDD // 0x00001DF0 
, 0x20, 0x60, 0xDA, 0xA9, 0x0A, 0xA2, 0x4D, 0xA0, 0xDE, 0x20, 0x40, 0xDD, 0x20, 0xB6, 0xDD, 0x20 // 0x00001E00 
, 0xDB, 0xDA, 0xA5, 0xF1, 0xF0, 0x23, 0x18, 0x6A, 0x85, 0xE0, 0xA9, 0x01, 0x90, 0x02, 0xA9, 0x10 // 0x00001E10 
, 0x85, 0xE1, 0xA2, 0x04, 0xA9, 0x00, 0x95, 0xE2, 0xCA, 0x10, 0xFB, 0xA5, 0xE0, 0x18, 0x69, 0x40 // 0x00001E20 
, 0xB0, 0x19, 0x30, 0x17, 0x85, 0xE0, 0x20, 0xDB, 0xDA, 0xA5, 0xF0, 0x10, 0x0D, 0x20, 0xB6, 0xDD // 0x00001E30 
, 0xA2, 0x8F, 0xA0, 0xDE, 0x20, 0x89, 0xDD, 0x20, 0x28, 0xDB, 0x60, 0x38, 0x60, 0x3D, 0x17, 0x94 // 0x00001E40 
, 0x19, 0x00, 0x00, 0x3D, 0x57, 0x33, 0x05, 0x00, 0x00, 0x3E, 0x05, 0x54, 0x76, 0x62, 0x00, 0x3E // 0x00001E50 
, 0x32, 0x19, 0x62, 0x27, 0x00, 0x3F, 0x01, 0x68, 0x60, 0x30, 0x36, 0x3F, 0x07, 0x32, 0x03, 0x27 // 0x00001E60 
, 0x41, 0x3F, 0x25, 0x43, 0x34, 0x56, 0x75, 0x3F, 0x66, 0x27, 0x37, 0x30, 0x50, 0x40, 0x01, 0x15 // 0x00001E70 
, 0x12, 0x92, 0x55, 0x3F, 0x99, 0x99, 0x99, 0x99, 0x99, 0x3F, 0x43, 0x42, 0x94, 0x48, 0x19, 0x40 // 0x00001E80 
, 0x01, 0x00, 0x00, 0x00, 0x00, 0x86, 0xFE, 0x84, 0xFF, 0xA2, 0xE0, 0xA0, 0x05, 0x20, 0xA7, 0xDD // 0x00001E90 
, 0xA6, 0xFE, 0xA4, 0xFF, 0x20, 0x98, 0xDD, 0x20, 0x66, 0xDA, 0xA2, 0xE6, 0xA0, 0x05, 0x20, 0xA7 // 0x00001EA0 
, 0xDD, 0xA2, 0xE0, 0xA0, 0x05, 0x20, 0x89, 0xDD, 0xA6, 0xFE, 0xA4, 0xFF, 0x20, 0x98, 0xDD, 0x20 // 0x00001EB0 
, 0x60, 0xDA, 0xA2, 0xE6, 0xA0, 0x05, 0x20, 0x98, 0xDD, 0x20, 0x28, 0xDB, 0x60, 0xA9, 0x01, 0xD0 // 0x00001EC0 
, 0x02, 0xA9, 0x00, 0x85, 0xF0, 0xA5, 0xD4, 0xF0, 0x05, 0x30, 0x03, 0x4C, 0xF6, 0xDF, 0x38, 0x60 // 0x00001ED0 
, 0xE9, 0x40, 0x0A, 0x85, 0xF1, 0xA5, 0xD5, 0x29, 0xF0, 0xD0, 0x04, 0xA9, 0x01, 0xD0, 0x04, 0xE6 // 0x00001EE0 
, 0xF1, 0xA9, 0x10, 0x85, 0xE1, 0xA2, 0x04, 0xA9, 0x00, 0x95, 0xE2, 0xCA, 0x10, 0xFB, 0x20, 0x28 // 0x00001EF0 
, 0xDB, 0xA2, 0x66, 0xA0, 0xDF, 0x20, 0x95, 0xDE, 0xA2, 0xE6, 0xA0, 0x05, 0x20, 0xA7, 0xDD, 0x20 // 0x00001F00 
, 0xB6, 0xDD, 0x20, 0xDB, 0xDA, 0xA9, 0x0A, 0xA2, 0x72, 0xA0, 0xDF, 0x20, 0x40, 0xDD, 0xA2, 0xE6 // 0x00001F10 
, 0xA0, 0x05, 0x20, 0x98, 0xDD, 0x20, 0xDB, 0xDA, 0xA2, 0x6C, 0xA0, 0xDF, 0x20, 0x98, 0xDD, 0x20 // 0x00001F20 
, 0x66, 0xDA, 0x20, 0xB6, 0xDD, 0xA9, 0x00, 0x85, 0xD5, 0xA5, 0xF1, 0x85, 0xD4, 0x10, 0x07, 0x49 // 0x00001F30 
, 0xFF, 0x18, 0x69, 0x01, 0x85, 0xD4, 0x20, 0xAA, 0xD9, 0x24, 0xF1, 0x10, 0x06, 0xA9, 0x80, 0x05 // 0x00001F40 
, 0xD4, 0x85, 0xD4, 0x20, 0x66, 0xDA, 0xA5, 0xF0, 0xF0, 0x0A, 0xA2, 0x89, 0xA0, 0xDE, 0x20, 0x98 // 0x00001F50 
, 0xDD, 0x20, 0x28, 0xDB, 0x18, 0x60, 0x40, 0x03, 0x16, 0x22, 0x77, 0x66, 0x3F, 0x50, 0x00, 0x00 // 0x00001F60 
, 0x00, 0x00, 0x3F, 0x49, 0x15, 0x57, 0x11, 0x08, 0xBF, 0x51, 0x70, 0x49, 0x47, 0x08, 0x3F, 0x39 // 0x00001F70 
, 0x20, 0x57, 0x61, 0x95, 0xBF, 0x04, 0x39, 0x63, 0x03, 0x55, 0x3F, 0x10, 0x09, 0x30, 0x12, 0x64 // 0x00001F80 
, 0x3F, 0x09, 0x39, 0x08, 0x04, 0x60, 0x3F, 0x12, 0x42, 0x58, 0x47, 0x42, 0x3F, 0x17, 0x37, 0x12 // 0x00001F90 
, 0x06, 0x08, 0x3F, 0x28, 0x95, 0x29, 0x71, 0x17, 0x3F, 0x86, 0x85, 0x88, 0x96, 0x44, 0x3E, 0x16 // 0x00001FA0 
, 0x05, 0x44, 0x49, 0x00, 0xBE, 0x95, 0x68, 0x38, 0x45, 0x00, 0x3F, 0x02, 0x68, 0x79, 0x94, 0x16 // 0x00001FB0 
, 0xBF, 0x04, 0x92, 0x78, 0x90, 0x80, 0x3F, 0x07, 0x03, 0x15, 0x20, 0x00, 0xBF, 0x08, 0x92, 0x29 // 0x00001FC0 
, 0x12, 0x44, 0x3F, 0x11, 0x08, 0x40, 0x09, 0x11, 0xBF, 0x14, 0x28, 0x31, 0x56, 0x04, 0x3F, 0x19 // 0x00001FD0 
, 0x99, 0x98, 0x77, 0x44, 0xBF, 0x33, 0x33, 0x33, 0x31, 0x13, 0x3F, 0x99, 0x99, 0x99, 0x99, 0x99 // 0x00001FE0 
, 0x3F, 0x78, 0x53, 0x98, 0x16, 0x34, 0xA5, 0xD4, 0x85, 0xE0, 0x38, 0x4C, 0xE0, 0xDE, 0x00, 0x00 // 0x00001FF0 
, 0x00, 0x00, 0x00, 0x00, 0x00, 0x00, 0x00, 0x00, 0x00, 0x18, 0x18, 0x18, 0x18, 0x00, 0x18, 0x00 // 0x00002000 
, 0x00, 0x66, 0x66, 0x66, 0x00, 0x00, 0x00, 0x00, 0x00, 0x66, 0xFF, 0x66, 0x66, 0xFF, 0x66, 0x00 // 0x00002010 
, 0x18, 0x3E, 0x60, 0x3C, 0x06, 0x7C, 0x18, 0x00, 0x00, 0x66, 0x6C, 0x18, 0x30, 0x66, 0x46, 0x00 // 0x00002020 
, 0x1C, 0x36, 0x1C, 0x38, 0x6F, 0x66, 0x3B, 0x00, 0x00, 0x18, 0x18, 0x18, 0x00, 0x00, 0x00, 0x00 // 0x00002030 
, 0x00, 0x0E, 0x1C, 0x18, 0x18, 0x1C, 0x0E, 0x00, 0x00, 0x70, 0x38, 0x18, 0x18, 0x38, 0x70, 0x00 // 0x00002040 
, 0x00, 0x66, 0x3C, 0xFF, 0x3C, 0x66, 0x00, 0x00, 0x00, 0x18, 0x18, 0x7E, 0x18, 0x18, 0x00, 0x00 // 0x00002050 
, 0x00, 0x00, 0x00, 0x00, 0x00, 0x18, 0x18, 0x30, 0x00, 0x00, 0x00, 0x7E, 0x00, 0x00, 0x00, 0x00 // 0x00002060 
, 0x00, 0x00, 0x00, 0x00, 0x00, 0x18, 0x18, 0x00, 0x00, 0x06, 0x0C, 0x18, 0x30, 0x60, 0x40, 0x00 // 0x00002070 
, 0x00, 0x3C, 0x66, 0x6E, 0x76, 0x66, 0x3C, 0x00, 0x00, 0x18, 0x38, 0x18, 0x18, 0x18, 0x7E, 0x00 // 0x00002080 
, 0x00, 0x3C, 0x66, 0x0C, 0x18, 0x30, 0x7E, 0x00, 0x00, 0x7E, 0x0C, 0x18, 0x0C, 0x66, 0x3C, 0x00 // 0x00002090 
, 0x00, 0x0C, 0x1C, 0x3C, 0x6C, 0x7E, 0x0C, 0x00, 0x00, 0x7E, 0x60, 0x7C, 0x06, 0x66, 0x3C, 0x00 // 0x000020A0 
, 0x00, 0x3C, 0x60, 0x7C, 0x66, 0x66, 0x3C, 0x00, 0x00, 0x7E, 0x06, 0x0C, 0x18, 0x30, 0x30, 0x00 // 0x000020B0 
, 0x00, 0x3C, 0x66, 0x3C, 0x66, 0x66, 0x3C, 0x00, 0x00, 0x3C, 0x66, 0x3E, 0x06, 0x0C, 0x38, 0x00 // 0x000020C0 
, 0x00, 0x00, 0x18, 0x18, 0x00, 0x18, 0x18, 0x00, 0x00, 0x00, 0x18, 0x18, 0x00, 0x18, 0x18, 0x30 // 0x000020D0 
, 0x06, 0x0C, 0x18, 0x30, 0x18, 0x0C, 0x06, 0x00, 0x00, 0x00, 0x7E, 0x00, 0x00, 0x7E, 0x00, 0x00 // 0x000020E0 
, 0x60, 0x30, 0x18, 0x0C, 0x18, 0x30, 0x60, 0x00, 0x00, 0x3C, 0x66, 0x0C, 0x18, 0x00, 0x18, 0x00 // 0x000020F0 
, 0x00, 0x3C, 0x66, 0x6E, 0x6E, 0x60, 0x3E, 0x00, 0x00, 0x18, 0x3C, 0x66, 0x66, 0x7E, 0x66, 0x00 // 0x00002100 
, 0x00, 0x7C, 0x66, 0x7C, 0x66, 0x66, 0x7C, 0x00, 0x00, 0x3C, 0x66, 0x60, 0x60, 0x66, 0x3C, 0x00 // 0x00002110 
, 0x00, 0x78, 0x6C, 0x66, 0x66, 0x6C, 0x78, 0x00, 0x00, 0x7E, 0x60, 0x7C, 0x60, 0x60, 0x7E, 0x00 // 0x00002120 
, 0x00, 0x7E, 0x60, 0x7C, 0x60, 0x60, 0x60, 0x00, 0x00, 0x3E, 0x60, 0x60, 0x6E, 0x66, 0x3E, 0x00 // 0x00002130 
, 0x00, 0x66, 0x66, 0x7E, 0x66, 0x66, 0x66, 0x00, 0x00, 0x7E, 0x18, 0x18, 0x18, 0x18, 0x7E, 0x00 // 0x00002140 
, 0x00, 0x06, 0x06, 0x06, 0x06, 0x66, 0x3C, 0x00, 0x00, 0x66, 0x6C, 0x78, 0x78, 0x6C, 0x66, 0x00 // 0x00002150 
, 0x00, 0x60, 0x60, 0x60, 0x60, 0x60, 0x7E, 0x00, 0x00, 0x63, 0x77, 0x7F, 0x6B, 0x63, 0x63, 0x00 // 0x00002160 
, 0x00, 0x66, 0x76, 0x7E, 0x7E, 0x6E, 0x66, 0x00, 0x00, 0x3C, 0x66, 0x66, 0x66, 0x66, 0x3C, 0x00 // 0x00002170 
, 0x00, 0x7C, 0x66, 0x66, 0x7C, 0x60, 0x60, 0x00, 0x00, 0x3C, 0x66, 0x66, 0x66, 0x6C, 0x36, 0x00 // 0x00002180 
, 0x00, 0x7C, 0x66, 0x66, 0x7C, 0x6C, 0x66, 0x00, 0x00, 0x3C, 0x60, 0x3C, 0x06, 0x06, 0x3C, 0x00 // 0x00002190 
, 0x00, 0x7E, 0x18, 0x18, 0x18, 0x18, 0x18, 0x00, 0x00, 0x66, 0x66, 0x66, 0x66, 0x66, 0x7E, 0x00 // 0x000021A0 
, 0x00, 0x66, 0x66, 0x66, 0x66, 0x3C, 0x18, 0x00, 0x00, 0x63, 0x63, 0x6B, 0x7F, 0x77, 0x63, 0x00 // 0x000021B0 
, 0x00, 0x66, 0x66, 0x3C, 0x3C, 0x66, 0x66, 0x00, 0x00, 0x66, 0x66, 0x3C, 0x18, 0x18, 0x18, 0x00 // 0x000021C0 
, 0x00, 0x7E, 0x0C, 0x18, 0x30, 0x60, 0x7E, 0x00, 0x00, 0x1E, 0x18, 0x18, 0x18, 0x18, 0x1E, 0x00 // 0x000021D0 
, 0x00, 0x40, 0x60, 0x30, 0x18, 0x0C, 0x06, 0x00, 0x00, 0x78, 0x18, 0x18, 0x18, 0x18, 0x78, 0x00 // 0x000021E0 
, 0x00, 0x08, 0x1C, 0x36, 0x63, 0x00, 0x00, 0x00, 0x00, 0x00, 0x00, 0x00, 0x00, 0x00, 0xFF, 0x00 // 0x000021F0 
, 0x00, 0x36, 0x7F, 0x7F, 0x3E, 0x1C, 0x08, 0x00, 0x18, 0x18, 0x18, 0x1F, 0x1F, 0x18, 0x18, 0x18 // 0x00002200 
, 0x03, 0x03, 0x03, 0x03, 0x03, 0x03, 0x03, 0x03, 0x18, 0x18, 0x18, 0xF8, 0xF8, 0x00, 0x00, 0x00 // 0x00002210 
, 0x18, 0x18, 0x18, 0xF8, 0xF8, 0x18, 0x18, 0x18, 0x00, 0x00, 0x00, 0xF8, 0xF8, 0x18, 0x18, 0x18 // 0x00002220 
, 0x03, 0x07, 0x0E, 0x1C, 0x38, 0x70, 0xE0, 0xC0, 0xC0, 0xE0, 0x70, 0x38, 0x1C, 0x0E, 0x07, 0x03 // 0x00002230 
, 0x01, 0x03, 0x07, 0x0F, 0x1F, 0x3F, 0x7F, 0xFF, 0x00, 0x00, 0x00, 0x00, 0x0F, 0x0F, 0x0F, 0x0F // 0x00002240 
, 0x80, 0xC0, 0xE0, 0xF0, 0xF8, 0xFC, 0xFE, 0xFF, 0x0F, 0x0F, 0x0F, 0x0F, 0x00, 0x00, 0x00, 0x00 // 0x00002250 
, 0xF0, 0xF0, 0xF0, 0xF0, 0x00, 0x00, 0x00, 0x00, 0xFF, 0xFF, 0x00, 0x00, 0x00, 0x00, 0x00, 0x00 // 0x00002260 
, 0x00, 0x00, 0x00, 0x00, 0x00, 0x00, 0xFF, 0xFF, 0x00, 0x00, 0x00, 0x00, 0xF0, 0xF0, 0xF0, 0xF0 // 0x00002270 
, 0x00, 0x1C, 0x1C, 0x77, 0x77, 0x08, 0x1C, 0x00, 0x00, 0x00, 0x00, 0x1F, 0x1F, 0x18, 0x18, 0x18 // 0x00002280 
, 0x00, 0x00, 0x00, 0xFF, 0xFF, 0x00, 0x00, 0x00, 0x18, 0x18, 0x18, 0xFF, 0xFF, 0x18, 0x18, 0x18 // 0x00002290 
, 0x00, 0x00, 0x3C, 0x7E, 0x7E, 0x7E, 0x3C, 0x00, 0x00, 0x00, 0x00, 0x00, 0xFF, 0xFF, 0xFF, 0xFF // 0x000022A0 
, 0xC0, 0xC0, 0xC0, 0xC0, 0xC0, 0xC0, 0xC0, 0xC0, 0x00, 0x00, 0x00, 0xFF, 0xFF, 0x18, 0x18, 0x18 // 0x000022B0 
, 0x18, 0x18, 0x18, 0xFF, 0xFF, 0x00, 0x00, 0x00, 0xF0, 0xF0, 0xF0, 0xF0, 0xF0, 0xF0, 0xF0, 0xF0 // 0x000022C0 
, 0x18, 0x18, 0x18, 0x1F, 0x1F, 0x00, 0x00, 0x00, 0x78, 0x60, 0x78, 0x60, 0x7E, 0x18, 0x1E, 0x00 // 0x000022D0 
, 0x00, 0x18, 0x3C, 0x7E, 0x18, 0x18, 0x18, 0x00, 0x00, 0x18, 0x18, 0x18, 0x7E, 0x3C, 0x18, 0x00 // 0x000022E0 
, 0x00, 0x18, 0x30, 0x7E, 0x30, 0x18, 0x00, 0x00, 0x00, 0x18, 0x0C, 0x7E, 0x0C, 0x18, 0x00, 0x00 // 0x000022F0 
, 0x00, 0x18, 0x3C, 0x7E, 0x7E, 0x3C, 0x18, 0x00, 0x00, 0x00, 0x3C, 0x06, 0x3E, 0x66, 0x3E, 0x00 // 0x00002300 
, 0x00, 0x60, 0x60, 0x7C, 0x66, 0x66, 0x7C, 0x00, 0x00, 0x00, 0x3C, 0x60, 0x60, 0x60, 0x3C, 0x00 // 0x00002310 
, 0x00, 0x06, 0x06, 0x3E, 0x66, 0x66, 0x3E, 0x00, 0x00, 0x00, 0x3C, 0x66, 0x7E, 0x60, 0x3C, 0x00 // 0x00002320 
, 0x00, 0x0E, 0x18, 0x3E, 0x18, 0x18, 0x18, 0x00, 0x00, 0x00, 0x3E, 0x66, 0x66, 0x3E, 0x06, 0x7C // 0x00002330 
, 0x00, 0x60, 0x60, 0x7C, 0x66, 0x66, 0x66, 0x00, 0x00, 0x18, 0x00, 0x38, 0x18, 0x18, 0x3C, 0x00 // 0x00002340 
, 0x00, 0x06, 0x00, 0x06, 0x06, 0x06, 0x06, 0x3C, 0x00, 0x60, 0x60, 0x6C, 0x78, 0x6C, 0x66, 0x00 // 0x00002350 
, 0x00, 0x38, 0x18, 0x18, 0x18, 0x18, 0x3C, 0x00, 0x00, 0x00, 0x66, 0x7F, 0x7F, 0x6B, 0x63, 0x00 // 0x00002360 
, 0x00, 0x00, 0x7C, 0x66, 0x66, 0x66, 0x66, 0x00, 0x00, 0x00, 0x3C, 0x66, 0x66, 0x66, 0x3C, 0x00 // 0x00002370 
, 0x00, 0x00, 0x7C, 0x66, 0x66, 0x7C, 0x60, 0x60, 0x00, 0x00, 0x3E, 0x66, 0x66, 0x3E, 0x06, 0x06 // 0x00002380 
, 0x00, 0x00, 0x7C, 0x66, 0x60, 0x60, 0x60, 0x00, 0x00, 0x00, 0x3E, 0x60, 0x3C, 0x06, 0x7C, 0x00 // 0x00002390 
, 0x00, 0x18, 0x7E, 0x18, 0x18, 0x18, 0x0E, 0x00, 0x00, 0x00, 0x66, 0x66, 0x66, 0x66, 0x3E, 0x00 // 0x000023A0 
, 0x00, 0x00, 0x66, 0x66, 0x66, 0x3C, 0x18, 0x00, 0x00, 0x00, 0x63, 0x6B, 0x7F, 0x3E, 0x36, 0x00 // 0x000023B0 
, 0x00, 0x00, 0x66, 0x3C, 0x18, 0x3C, 0x66, 0x00, 0x00, 0x00, 0x66, 0x66, 0x66, 0x3E, 0x0C, 0x78 // 0x000023C0 
, 0x00, 0x00, 0x7E, 0x0C, 0x18, 0x30, 0x7E, 0x00, 0x00, 0x18, 0x3C, 0x7E, 0x7E, 0x18, 0x3C, 0x00 // 0x000023D0 
, 0x18, 0x18, 0x18, 0x18, 0x18, 0x18, 0x18, 0x18, 0x00, 0x7E, 0x78, 0x7C, 0x6E, 0x66, 0x06, 0x00 // 0x000023E0 
, 0x08, 0x18, 0x38, 0x78, 0x38, 0x18, 0x08, 0x00, 0x10, 0x18, 0x1C, 0x1E, 0x1C, 0x18, 0x10, 0x00 // 0x000023F0 
, 0x93, 0xEF, 0x2D, 0xF2, 0x49, 0xF2, 0xAF, 0xF2, 0x1D, 0xF2, 0x2C, 0xF2, 0x4C, 0x6E, 0xEF, 0x00 // 0x00002400 
, 0x8D, 0xEF, 0x2D, 0xF2, 0x7F, 0xF1, 0xA3, 0xF1, 0x1D, 0xF2, 0xAE, 0xF9, 0x4C, 0x6E, 0xEF, 0x00 // 0x00002410 
, 0x1D, 0xF2, 0x1D, 0xF2, 0xFC, 0xF2, 0x2C, 0xF2, 0x1D, 0xF2, 0x2C, 0xF2, 0x4C, 0x6E, 0xEF, 0x00 // 0x00002420 
, 0xC1, 0xFE, 0x06, 0xFF, 0xC0, 0xFE, 0xCA, 0xFE, 0xA2, 0xFE, 0xC0, 0xFE, 0x4C, 0x99, 0xFE, 0x00 // 0x00002430 
, 0xE5, 0xFC, 0xCE, 0xFD, 0x79, 0xFD, 0xB3, 0xFD, 0xCB, 0xFD, 0xE4, 0xFC, 0x4C, 0xDB, 0xFC, 0x00 // 0x00002440 
, 0x4C, 0xA3, 0xC6, 0x4C, 0xB3, 0xC6, 0x4C, 0xDF, 0xE4, 0x4C, 0x33, 0xC9, 0x4C, 0x72, 0xC2, 0x4C // 0x00002450 
, 0xE2, 0xC0, 0x4C, 0x8A, 0xC2, 0x4C, 0x5C, 0xE9, 0x4C, 0x17, 0xEC, 0x4C, 0x0C, 0xC0, 0x4C, 0xC1 // 0x00002460 
, 0xE4, 0x4C, 0x23, 0xF2, 0x4C, 0x90, 0xC2, 0x4C, 0xC8, 0xC2, 0x4C, 0x8D, 0xFD, 0x4C, 0xF7, 0xFC // 0x00002470 
, 0x4C, 0x23, 0xF2, 0x4C, 0x00, 0x50, 0x4C, 0xBC, 0xEE, 0x4C, 0x15, 0xE9, 0x4C, 0x98, 0xE8, 0x90 // 0x00002480 
, 0xC9, 0x95, 0xC9, 0x9A, 0xC9, 0x9F, 0xC9, 0xA4, 0xC9, 0xA9, 0xC9, 0x4C, 0x0C, 0xC9, 0x00, 0x00 // 0x00002490 
, 0x00, 0x00, 0x00, 0x00, 0x00, 0x00, 0x00, 0x00, 0x00, 0x00, 0x00, 0x00, 0x00, 0x00, 0x00, 0x00 // 0x000024A0 
, 0x00, 0x00, 0x00, 0x00, 0x00, 0x00, 0x00, 0x00, 0x00, 0x00, 0x00, 0x00, 0x00, 0x00, 0x00, 0x00 // 0x000024B0 
, 0x60, 0xA2, 0x00, 0xA9, 0xFF, 0x9D, 0x40, 0x03, 0xA9, 0xDB, 0x9D, 0x46, 0x03, 0xA9, 0xE4, 0x9D // 0x000024C0 
, 0x47, 0x03, 0x8A, 0x18, 0x69, 0x10, 0xAA, 0xC9, 0x80, 0x90, 0xE8, 0x60, 0xA0, 0x85, 0x60, 0x85 // 0x000024D0 
, 0x2F, 0x86, 0x2E, 0x8A, 0x29, 0x0F, 0xD0, 0x04, 0xE0, 0x80, 0x90, 0x05, 0xA0, 0x86, 0x4C, 0x70 // 0x000024E0 
, 0xE6, 0xA0, 0x00, 0xBD, 0x40, 0x03, 0x99, 0x20, 0x00, 0xE8, 0xC8, 0xC0, 0x0C, 0x90, 0xF4, 0xA5 // 0x000024F0 
, 0x20, 0xC9, 0x7F, 0xD0, 0x15, 0xA5, 0x22, 0xC9, 0x0C, 0xF0, 0x71, 0xAD, 0xE9, 0x02, 0xD0, 0x05 // 0x00002500 
, 0xA0, 0x82, 0x4C, 0x70, 0xE6, 0x20, 0x29, 0xCA, 0x30, 0xF8, 0xA0, 0x84, 0xA5, 0x22, 0xC9, 0x03 // 0x00002510 
, 0x90, 0x25, 0xA8, 0xC0, 0x0E, 0x90, 0x02, 0xA0, 0x0E, 0x84, 0x17, 0xB9, 0x2A, 0xE7, 0xF0, 0x0F // 0x00002520 
, 0xC9, 0x02, 0xF0, 0x48, 0xC9, 0x08, 0xB0, 0x5F, 0xC9, 0x04, 0xF0, 0x76, 0x4C, 0x1E, 0xE6, 0xA5 // 0x00002530 
, 0x20, 0xC9, 0xFF, 0xF0, 0x05, 0xA0, 0x81, 0x4C, 0x70, 0xE6, 0xAD, 0xE9, 0x02, 0xD0, 0x27, 0x20 // 0x00002540 
, 0xFF, 0xE6, 0xB0, 0x22, 0xA9, 0x00, 0x8D, 0xEA, 0x02, 0x8D, 0xEB, 0x02, 0x20, 0x95, 0xE6, 0xB0 // 0x00002550 
, 0xE6, 0x20, 0xEA, 0xE6, 0xA9, 0x0B, 0x85, 0x17, 0x20, 0x95, 0xE6, 0xA5, 0x2C, 0x85, 0x26, 0xA5 // 0x00002560 
, 0x2D, 0x85, 0x27, 0x4C, 0x72, 0xE6, 0x20, 0xF9, 0xEE, 0x4C, 0x70, 0xE6, 0xA0, 0x01, 0x84, 0x23 // 0x00002570 
, 0x20, 0x95, 0xE6, 0xB0, 0x03, 0x20, 0xEA, 0xE6, 0xA9, 0xFF, 0x85, 0x20, 0xA9, 0xE4, 0x85, 0x27 // 0x00002580 
, 0xA9, 0xDB, 0x85, 0x26, 0x4C, 0x72, 0xE6, 0xA5, 0x20, 0xC9, 0xFF, 0xD0, 0x05, 0x20, 0xFF, 0xE6 // 0x00002590 
, 0xB0, 0xA5, 0x20, 0x95, 0xE6, 0x20, 0xEA, 0xE6, 0xA6, 0x2E, 0xBD, 0x40, 0x03, 0x85, 0x20, 0x4C // 0x000025A0 
, 0x72, 0xE6, 0xA5, 0x22, 0x25, 0x2A, 0xD0, 0x05, 0xA0, 0x83, 0x4C, 0x70, 0xE6, 0x20, 0x95, 0xE6 // 0x000025B0 
, 0xB0, 0xF8, 0xA5, 0x28, 0x05, 0x29, 0xD0, 0x08, 0x20, 0xEA, 0xE6, 0x85, 0x2F, 0x4C, 0x72, 0xE6 // 0x000025C0 
, 0x20, 0xEA, 0xE6, 0x85, 0x2F, 0x30, 0x41, 0xA0, 0x00, 0x91, 0x24, 0x20, 0xD1, 0xE6, 0xA5, 0x22 // 0x000025D0 
, 0x29, 0x02, 0xD0, 0x0C, 0xA5, 0x2F, 0xC9, 0x9B, 0xD0, 0x06, 0x20, 0xBB, 0xE6, 0x4C, 0x18, 0xE6 // 0x000025E0 
, 0x20, 0xBB, 0xE6, 0xD0, 0xDB, 0xA5, 0x22, 0x29, 0x02, 0xD0, 0x1D, 0x20, 0xEA, 0xE6, 0x85, 0x2F // 0x000025F0 
, 0x30, 0x0A, 0xA5, 0x2F, 0xC9, 0x9B, 0xD0, 0xF3, 0xA9, 0x89, 0x85, 0x23, 0x20, 0xC8, 0xE6, 0xA0 // 0x00002600 
, 0x00, 0xA9, 0x9B, 0x91, 0x24, 0x20, 0xD1, 0xE6, 0x20, 0xD8, 0xE6, 0x4C, 0x72, 0xE6, 0xA5, 0x22 // 0x00002610 
, 0x25, 0x2A, 0xD0, 0x05, 0xA0, 0x87, 0x4C, 0x70, 0xE6, 0x20, 0x95, 0xE6, 0xB0, 0xF8, 0xA5, 0x28 // 0x00002620 
, 0x05, 0x29, 0xD0, 0x06, 0xA5, 0x2F, 0xE6, 0x28, 0xD0, 0x06, 0xA0, 0x00, 0xB1, 0x24, 0x85, 0x2F // 0x00002630 
, 0x20, 0xEA, 0xE6, 0x08, 0x20, 0xD1, 0xE6, 0x20, 0xBB, 0xE6, 0x28, 0x30, 0x1D, 0xA5, 0x22, 0x29 // 0x00002640 
, 0x02, 0xD0, 0x06, 0xA5, 0x2F, 0xC9, 0x9B, 0xF0, 0x11, 0xA5, 0x28, 0x05, 0x29, 0xD0, 0xDB, 0xA5 // 0x00002650 
, 0x22, 0x29, 0x02, 0xD0, 0x05, 0xA9, 0x9B, 0x20, 0xEA, 0xE6, 0x20, 0xD8, 0xE6, 0x4C, 0x72, 0xE6 // 0x00002660 
, 0x84, 0x23, 0xA4, 0x2E, 0xB9, 0x44, 0x03, 0x85, 0x24, 0xB9, 0x45, 0x03, 0x85, 0x25, 0xA2, 0x00 // 0x00002670 
, 0x8E, 0xE9, 0x02, 0xB5, 0x20, 0x99, 0x40, 0x03, 0xE8, 0xC8, 0xE0, 0x0C, 0x90, 0xF5, 0xA5, 0x2F // 0x00002680 
, 0xA6, 0x2E, 0xA4, 0x23, 0x60, 0xA4, 0x20, 0xC0, 0x22, 0x90, 0x04, 0xA0, 0x85, 0xB0, 0x1B, 0xB9 // 0x00002690 
, 0x1B, 0x03, 0x85, 0x2C, 0xB9, 0x1C, 0x03, 0x85, 0x2D, 0xA4, 0x17, 0xB9, 0x2A, 0xE7, 0xA8, 0xB1 // 0x000026A0 
, 0x2C, 0xAA, 0xC8, 0xB1, 0x2C, 0x85, 0x2D, 0x86, 0x2C, 0x18, 0x60, 0xA5, 0x28, 0xD0, 0x02, 0xC6 // 0x000026B0 
, 0x29, 0xC6, 0x28, 0xA5, 0x28, 0x05, 0x29, 0x60, 0xA5, 0x24, 0xD0, 0x02, 0xC6, 0x25, 0xC6, 0x24 // 0x000026C0 
, 0x60, 0xE6, 0x24, 0xD0, 0x02, 0xE6, 0x25, 0x60, 0xA6, 0x2E, 0x38, 0xBD, 0x48, 0x03, 0xE5, 0x28 // 0x000026D0 
, 0x85, 0x28, 0xBD, 0x49, 0x03, 0xE5, 0x29, 0x85, 0x29, 0x60, 0xA0, 0x92, 0x20, 0xF4, 0xE6, 0x84 // 0x000026E0 
, 0x23, 0xC0, 0x00, 0x60, 0xAA, 0xA5, 0x2D, 0x48, 0xA5, 0x2C, 0x48, 0x8A, 0xA6, 0x2E, 0x60, 0x38 // 0x000026F0 
, 0xA0, 0x01, 0xB1, 0x24, 0xE9, 0x31, 0x30, 0x04, 0xC9, 0x09, 0x90, 0x02, 0xA9, 0x00, 0x85, 0x21 // 0x00002700 
, 0xE6, 0x21, 0xA0, 0x00, 0xB1, 0x24, 0xF0, 0x0C, 0xA0, 0x21, 0xD9, 0x1A, 0x03, 0xF0, 0x09, 0x88 // 0x00002710 
, 0x88, 0x88, 0x10, 0xF6, 0xA0, 0x82, 0x38, 0x60, 0x98, 0x85, 0x20, 0x18, 0x60, 0x00, 0x04, 0x04 // 0x00002720 
, 0x04, 0x04, 0x06, 0x06, 0x06, 0x06, 0x02, 0x08, 0x0A, 0xA5, 0x08, 0xF0, 0x25, 0xA9, 0xE9, 0x85 // 0x00002730 
, 0x4A, 0xA9, 0x03, 0x85, 0x4B, 0xA0, 0x12, 0x18, 0xB1, 0x4A, 0xAA, 0xC8, 0x71, 0x4A, 0xF0, 0x26 // 0x00002740 
, 0xB1, 0x4A, 0x85, 0x4B, 0x86, 0x4A, 0x20, 0x56, 0xCB, 0xD0, 0x1B, 0x20, 0x94, 0xE8, 0xB0, 0x16 // 0x00002750 
, 0x90, 0xE3, 0xA9, 0x00, 0x8D, 0xFB, 0x03, 0x8D, 0xFC, 0x03, 0xA9, 0x4F, 0xD0, 0x2D, 0xA9, 0x00 // 0x00002760 
, 0xA8, 0x20, 0xBE, 0xE7, 0x10, 0x01, 0x60, 0x18, 0xAD, 0xE7, 0x02, 0x6D, 0xEA, 0x02, 0x8D, 0x12 // 0x00002770 
, 0x03, 0xAD, 0xE8, 0x02, 0x6D, 0xEB, 0x02, 0x8D, 0x13, 0x03, 0x38, 0xAD, 0xE5, 0x02, 0xED, 0x12 // 0x00002780 
, 0x03, 0xAD, 0xE6, 0x02, 0xED, 0x13, 0x03, 0xB0, 0x09, 0xA9, 0x4E, 0xA8, 0x20, 0xBE, 0xE7, 0x4C // 0x00002790 
, 0x6E, 0xE7, 0xAD, 0xEC, 0x02, 0xAE, 0xE7, 0x02, 0x8E, 0xEC, 0x02, 0xAE, 0xE8, 0x02, 0x8E, 0xED // 0x000027A0 
, 0x02, 0x20, 0xDE, 0xE7, 0x30, 0xE3, 0x38, 0x20, 0x9E, 0xE8, 0xB0, 0xDD, 0x90, 0xB0, 0x48, 0xA2 // 0x000027B0 
, 0x09, 0xBD, 0xD4, 0xE7, 0x9D, 0x00, 0x03, 0xCA, 0x10, 0xF7, 0x8C, 0x0B, 0x03, 0x68, 0x8D, 0x0A // 0x000027C0 
, 0x03, 0x4C, 0x59, 0xE4, 0x4F, 0x01, 0x40, 0x40, 0xEA, 0x02, 0x1E, 0x00, 0x04, 0x00, 0x8D, 0x13 // 0x000027D0 
, 0x03, 0xA2, 0x00, 0x8E, 0x12, 0x03, 0xCA, 0x8E, 0x15, 0x03, 0xAD, 0xEC, 0x02, 0x6A, 0x90, 0x08 // 0x000027E0 
, 0xEE, 0xEC, 0x02, 0xD0, 0x03, 0xEE, 0xED, 0x02, 0xAD, 0xEC, 0x02, 0x8D, 0xD1, 0x02, 0xAD, 0xED // 0x000027F0 
, 0x02, 0x8D, 0xD2, 0x02, 0xA9, 0x16, 0x8D, 0xCF, 0x02, 0xA9, 0xE8, 0x8D, 0xD0, 0x02, 0xA9, 0x80 // 0x00002800 
, 0x8D, 0xD3, 0x02, 0x4C, 0x45, 0xC7, 0xAE, 0x15, 0x03, 0xE8, 0x8E, 0x15, 0x03, 0xF0, 0x08, 0xAE // 0x00002810 
, 0x15, 0x03, 0xBD, 0x7D, 0x03, 0x18, 0x60, 0xA9, 0x80, 0x8D, 0x15, 0x03, 0x20, 0x33, 0xE8, 0x10 // 0x00002820 
, 0xEE, 0x38, 0x60, 0xA2, 0x0B, 0xBD, 0x51, 0xE8, 0x9D, 0x00, 0x03, 0xCA, 0x10, 0xF7, 0xAE, 0x12 // 0x00002830 
, 0x03, 0x8E, 0x0A, 0x03, 0xE8, 0x8E, 0x12, 0x03, 0xAD, 0x13, 0x03, 0x8D, 0x00, 0x03, 0x4C, 0x59 // 0x00002840 
, 0xE4, 0x00, 0x01, 0x26, 0x40, 0xFD, 0x03, 0x1E, 0x00, 0x80, 0x00, 0x00, 0x00, 0x8C, 0x12, 0x03 // 0x00002850 
, 0x8D, 0x13, 0x03, 0xA9, 0xE9, 0x85, 0x4A, 0xA9, 0x03, 0x85, 0x4B, 0xA0, 0x12, 0xB1, 0x4A, 0xAA // 0x00002860 
, 0xC8, 0xB1, 0x4A, 0xCD, 0x13, 0x03, 0xD0, 0x07, 0xEC, 0x12, 0x03, 0xD0, 0x02, 0x18, 0x60, 0xC9 // 0x00002870 
, 0x00, 0xD0, 0x06, 0xE0, 0x00, 0xD0, 0x02, 0x38, 0x60, 0x86, 0x4A, 0x85, 0x4B, 0x20, 0x56, 0xCB // 0x00002880 
, 0xD0, 0xF5, 0xF0, 0xD7, 0x38, 0x08, 0xB0, 0x28, 0x8D, 0xED, 0x02, 0x8C, 0xEC, 0x02, 0x08, 0xA9 // 0x00002890 
, 0x00, 0xA8, 0x20, 0x5D, 0xE8, 0xB0, 0x27, 0xA0, 0x12, 0xAD, 0xEC, 0x02, 0x91, 0x4A, 0xAA, 0xC8 // 0x000028A0 
, 0xAD, 0xED, 0x02, 0x91, 0x4A, 0x86, 0x4A, 0x85, 0x4B, 0xA9, 0x00, 0x91, 0x4A, 0x88, 0x91, 0x4A // 0x000028B0 
, 0x20, 0x00, 0xE9, 0x90, 0x0C, 0xAD, 0xED, 0x02, 0xAC, 0xEC, 0x02, 0x20, 0x15, 0xE9, 0x28, 0x38 // 0x000028C0 
, 0x60, 0x28, 0xB0, 0x09, 0xA9, 0x00, 0xA0, 0x10, 0x91, 0x4A, 0xC8, 0x91, 0x4A, 0x18, 0xA0, 0x10 // 0x000028D0 
, 0xAD, 0xE7, 0x02, 0x71, 0x4A, 0x8D, 0xE7, 0x02, 0xC8, 0xAD, 0xE8, 0x02, 0x71, 0x4A, 0x8D, 0xE8 // 0x000028E0 
, 0x02, 0xA0, 0x0F, 0xA9, 0x00, 0x91, 0x4A, 0x20, 0x56, 0xCB, 0xA0, 0x0F, 0x91, 0x4A, 0x18, 0x60 // 0x000028F0 
, 0x18, 0xA5, 0x4A, 0x69, 0x0C, 0x8D, 0x12, 0x03, 0xA5, 0x4B, 0x69, 0x00, 0x8D, 0x13, 0x03, 0x6C // 0x00002900 
, 0x12, 0x03, 0x4C, 0x72, 0xC2, 0x20, 0x5D, 0xE8, 0xB0, 0x3B, 0xA8, 0xA5, 0x4A, 0x48, 0xA5, 0x4B // 0x00002910 
, 0x48, 0x86, 0x4A, 0x84, 0x4B, 0xAD, 0x44, 0x02, 0xD0, 0x0F, 0xA0, 0x10, 0x18, 0xB1, 0x4A, 0xC8 // 0x00002920 
, 0x71, 0x4A, 0xD0, 0x1F, 0x20, 0x56, 0xCB, 0xD0, 0x1A, 0xA0, 0x12, 0xB1, 0x4A, 0xAA, 0xC8, 0xB1 // 0x00002930 
, 0x4A, 0xA8, 0x68, 0x85, 0x4B, 0x68, 0x85, 0x4A, 0x98, 0xA0, 0x13, 0x91, 0x4A, 0x88, 0x8A, 0x91 // 0x00002940 
, 0x4A, 0x18, 0x60, 0x68, 0x68, 0x38, 0x60, 0x00, 0x00, 0x4C, 0x33, 0xC9, 0xA9, 0x3C, 0x8D, 0x02 // 0x00002950 
, 0xD3, 0xA9, 0x3C, 0x8D, 0x03, 0xD3, 0xA9, 0x03, 0x8D, 0x32, 0x02, 0x85, 0x41, 0x8D, 0x0F, 0xD2 // 0x00002960 
, 0x60, 0xBA, 0x8E, 0x18, 0x03, 0xA9, 0x01, 0x85, 0x42, 0xAD, 0x00, 0x03, 0xC9, 0x60, 0xD0, 0x03 // 0x00002970 
, 0x4C, 0x9D, 0xEB, 0xA9, 0x00, 0x8D, 0x0F, 0x03, 0xA9, 0x01, 0x8D, 0xBD, 0x02, 0xA9, 0x0D, 0x8D // 0x00002980 
, 0x9C, 0x02, 0xA9, 0x28, 0x8D, 0x04, 0xD2, 0xA9, 0x00, 0x8D, 0x06, 0xD2, 0x18, 0xAD, 0x00, 0x03 // 0x00002990 
, 0x6D, 0x01, 0x03, 0x69, 0xFF, 0x8D, 0x3A, 0x02, 0xAD, 0x02, 0x03, 0x8D, 0x3B, 0x02, 0xAD, 0x0A // 0x000029A0 
, 0x03, 0x8D, 0x3C, 0x02, 0xAD, 0x0B, 0x03, 0x8D, 0x3D, 0x02, 0x18, 0xA9, 0x3A, 0x85, 0x32, 0x69 // 0x000029B0 
, 0x04, 0x85, 0x34, 0xA9, 0x02, 0x85, 0x33, 0x85, 0x35, 0xA9, 0x34, 0x8D, 0x03, 0xD3, 0x20, 0xAF // 0x000029C0 
, 0xEC, 0xAD, 0x3F, 0x02, 0xD0, 0x03, 0x98, 0xD0, 0x08, 0xCE, 0x9C, 0x02, 0x10, 0xB4, 0x4C, 0x22 // 0x000029D0 
, 0xEA, 0xAD, 0x03, 0x03, 0x10, 0x0D, 0xA9, 0x0D, 0x8D, 0x9C, 0x02, 0x20, 0x87, 0xEB, 0x20, 0xAF // 0x000029E0 
, 0xEC, 0xF0, 0x2F, 0x20, 0x9A, 0xEC, 0xA9, 0x00, 0x8D, 0x3F, 0x02, 0x20, 0xC0, 0xEC, 0xF0, 0x12 // 0x000029F0 
, 0x2C, 0x03, 0x03, 0x70, 0x07, 0xAD, 0x3F, 0x02, 0xD0, 0x18, 0xF0, 0x1E, 0x20, 0x87, 0xEB, 0x20 // 0x00002A00 
, 0xFD, 0xEA, 0xAD, 0x3F, 0x02, 0xF0, 0x05, 0xAD, 0x19, 0x03, 0x85, 0x30, 0xA5, 0x30, 0xC9, 0x01 // 0x00002A10 
, 0xF0, 0x08, 0xCE, 0xBD, 0x02, 0x30, 0x03, 0x4C, 0x8D, 0xE9, 0x20, 0x84, 0xEC, 0xA9, 0x00, 0x85 // 0x00002A20 
, 0x42, 0xA4, 0x30, 0x8C, 0x03, 0x03, 0x60, 0xA9, 0x00, 0x8D, 0x3F, 0x02, 0x18, 0xA9, 0x3E, 0x85 // 0x00002A30 
, 0x32, 0x69, 0x01, 0x85, 0x34, 0xA9, 0x02, 0x85, 0x33, 0x85, 0x35, 0xA9, 0xFF, 0x85, 0x3C, 0x20 // 0x00002A40 
, 0xFD, 0xEA, 0xA0, 0xFF, 0xA5, 0x30, 0xC9, 0x01, 0xD0, 0x19, 0xAD, 0x3E, 0x02, 0xC9, 0x41, 0xF0 // 0x00002A50 
, 0x21, 0xC9, 0x43, 0xF0, 0x1D, 0xC9, 0x45, 0xD0, 0x06, 0xA9, 0x90, 0x85, 0x30, 0xD0, 0x04, 0xA9 // 0x00002A60 
, 0x8B, 0x85, 0x30, 0xA5, 0x30, 0xC9, 0x8A, 0xF0, 0x07, 0xA9, 0xFF, 0x8D, 0x3F, 0x02, 0xD0, 0x02 // 0x00002A70 
, 0xA0, 0x00, 0xA5, 0x30, 0x8D, 0x19, 0x03, 0x60, 0xA9, 0x01, 0x85, 0x30, 0x20, 0x17, 0xEC, 0xA0 // 0x00002A80 
, 0x00, 0x84, 0x31, 0x84, 0x3B, 0x84, 0x3A, 0xB1, 0x32, 0x8D, 0x0D, 0xD2, 0x85, 0x31, 0xA5, 0x11 // 0x00002A90 
, 0xD0, 0x03, 0x4C, 0xC7, 0xED, 0xA5, 0x3A, 0xF0, 0xF5, 0x20, 0x84, 0xEC, 0x60, 0x98, 0x48, 0xE6 // 0x00002AA0 
, 0x32, 0xD0, 0x02, 0xE6, 0x33, 0xA5, 0x32, 0xC5, 0x34, 0xA5, 0x33, 0xE5, 0x35, 0x90, 0x1C, 0xA5 // 0x00002AB0 
, 0x3B, 0xD0, 0x0B, 0xA5, 0x31, 0x8D, 0x0D, 0xD2, 0xA9, 0xFF, 0x85, 0x3B, 0xD0, 0x09, 0xA5, 0x10 // 0x00002AC0 
, 0x09, 0x08, 0x85, 0x10, 0x8D, 0x0E, 0xD2, 0x68, 0xA8, 0x68, 0x40, 0xA0, 0x00, 0xB1, 0x32, 0x8D // 0x00002AD0 
, 0x0D, 0xD2, 0x18, 0x65, 0x31, 0x69, 0x00, 0x85, 0x31, 0x4C, 0xD7, 0xEA, 0xA5, 0x3B, 0xF0, 0x0B // 0x00002AE0 
, 0x85, 0x3A, 0xA5, 0x10, 0x29, 0xF7, 0x85, 0x10, 0x8D, 0x0E, 0xD2, 0x68, 0x40, 0xA9, 0x00, 0xAC // 0x00002AF0 
, 0x0F, 0x03, 0xD0, 0x02, 0x85, 0x31, 0x85, 0x38, 0x85, 0x39, 0xA9, 0x01, 0x85, 0x30, 0x20, 0x40 // 0x00002B00 
, 0xEC, 0xA9, 0x3C, 0x8D, 0x03, 0xD3, 0xA5, 0x11, 0xD0, 0x03, 0x4C, 0xC7, 0xED, 0xAD, 0x17, 0x03 // 0x00002B10 
, 0xF0, 0x05, 0xA5, 0x39, 0xF0, 0xF0, 0x60, 0xA9, 0x8A, 0x85, 0x30, 0x60, 0x98, 0x48, 0xAD, 0x0F // 0x00002B20 
, 0xD2, 0x8D, 0x0A, 0xD2, 0x30, 0x04, 0xA0, 0x8C, 0x84, 0x30, 0x29, 0x20, 0xD0, 0x04, 0xA0, 0x8E // 0x00002B30 
, 0x84, 0x30, 0xA5, 0x38, 0xF0, 0x13, 0xAD, 0x0D, 0xD2, 0xC5, 0x31, 0xF0, 0x04, 0xA0, 0x8F, 0x84 // 0x00002B40 
, 0x30, 0xA9, 0xFF, 0x85, 0x39, 0x68, 0xA8, 0x68, 0x40, 0xAD, 0x0D, 0xD2, 0xA0, 0x00, 0x91, 0x32 // 0x00002B50 
, 0x18, 0x65, 0x31, 0x69, 0x00, 0x85, 0x31, 0xE6, 0x32, 0xD0, 0x02, 0xE6, 0x33, 0xA5, 0x32, 0xC5 // 0x00002B60 
, 0x34, 0xA5, 0x33, 0xE5, 0x35, 0x90, 0xDE, 0xA5, 0x3C, 0xF0, 0x06, 0xA9, 0x00, 0x85, 0x3C, 0xF0 // 0x00002B70 
, 0xD0, 0xA9, 0xFF, 0x85, 0x38, 0xD0, 0xCE, 0x18, 0xAD, 0x04, 0x03, 0x85, 0x32, 0x6D, 0x08, 0x03 // 0x00002B80 
, 0x85, 0x34, 0xAD, 0x05, 0x03, 0x85, 0x33, 0x6D, 0x09, 0x03, 0x85, 0x35, 0x60, 0xAD, 0x03, 0x03 // 0x00002B90 
, 0x10, 0x32, 0xA9, 0xCC, 0x8D, 0x04, 0xD2, 0xA9, 0x05, 0x8D, 0x06, 0xD2, 0x20, 0x17, 0xEC, 0xA6 // 0x00002BA0 
, 0x62, 0xBC, 0x15, 0xEE, 0xAD, 0x0B, 0x03, 0x30, 0x03, 0xBC, 0x11, 0xEE, 0xA2, 0x00, 0x20, 0xE2 // 0x00002BB0 
, 0xED, 0xA9, 0x34, 0x8D, 0x02, 0xD3, 0xAD, 0x17, 0x03, 0xD0, 0xFB, 0x20, 0x87, 0xEB, 0x20, 0x88 // 0x00002BC0 
, 0xEA, 0x4C, 0x04, 0xEC, 0xA9, 0xFF, 0x8D, 0x0F, 0x03, 0xA6, 0x62, 0xBC, 0x17, 0xEE, 0xAD, 0x0B // 0x00002BD0 
, 0x03, 0x30, 0x03, 0xBC, 0x13, 0xEE, 0xA2, 0x00, 0x20, 0xE2, 0xED, 0xA9, 0x34, 0x8D, 0x02, 0xD3 // 0x00002BE0 
, 0xAD, 0x17, 0x03, 0xD0, 0xFB, 0x20, 0x87, 0xEB, 0x20, 0x9A, 0xEC, 0x20, 0xE2, 0xED, 0x20, 0x3D // 0x00002BF0 
, 0xED, 0x20, 0xFD, 0xEA, 0xAD, 0x0B, 0x03, 0x30, 0x05, 0xA9, 0x3C, 0x8D, 0x02, 0xD3, 0x4C, 0x2A // 0x00002C00 
, 0xEA, 0xA9, 0x00, 0x8D, 0x17, 0x03, 0x60, 0xA9, 0x07, 0x2D, 0x32, 0x02, 0x09, 0x20, 0xAC, 0x00 // 0x00002C10 
, 0x03, 0xC0, 0x60, 0xD0, 0x0C, 0x09, 0x08, 0xA0, 0x07, 0x8C, 0x02, 0xD2, 0xA0, 0x05, 0x8C, 0x00 // 0x00002C20 
, 0xD2, 0x8D, 0x32, 0x02, 0x8D, 0x0F, 0xD2, 0xA9, 0xC7, 0x25, 0x10, 0x09, 0x10, 0x4C, 0x56, 0xEC // 0x00002C30 
, 0xA9, 0x07, 0x2D, 0x32, 0x02, 0x09, 0x10, 0x8D, 0x32, 0x02, 0x8D, 0x0F, 0xD2, 0x8D, 0x0A, 0xD2 // 0x00002C40 
, 0xA9, 0xC7, 0x25, 0x10, 0x09, 0x20, 0x85, 0x10, 0x8D, 0x0E, 0xD2, 0xA9, 0x28, 0x8D, 0x08, 0xD2 // 0x00002C50 
, 0xA2, 0x06, 0xA9, 0xA8, 0xA4, 0x41, 0xD0, 0x02, 0xA9, 0xA0, 0x9D, 0x01, 0xD2, 0xCA, 0xCA, 0x10 // 0x00002C60 
, 0xF9, 0xA9, 0xA0, 0x8D, 0x05, 0xD2, 0xAC, 0x00, 0x03, 0xC0, 0x60, 0xF0, 0x06, 0x8D, 0x01, 0xD2 // 0x00002C70 
, 0x8D, 0x03, 0xD2, 0x60, 0xEA, 0xA9, 0xC7, 0x25, 0x10, 0x85, 0x10, 0x8D, 0x0E, 0xD2, 0xA2, 0x06 // 0x00002C80 
, 0xA9, 0x00, 0x9D, 0x01, 0xD2, 0xCA, 0xCA, 0x10, 0xF9, 0x60, 0xAD, 0x06, 0x03, 0x6A, 0x6A, 0xA8 // 0x00002C90 
, 0x29, 0x3F, 0xAA, 0x98, 0x6A, 0x29, 0xC0, 0xA8, 0x60, 0x2C, 0xEB, 0xAD, 0xEA, 0xEC, 0xEA, 0xA2 // 0x00002CA0 
, 0x01, 0xA0, 0xFF, 0x88, 0xD0, 0xFD, 0xCA, 0xD0, 0xF8, 0x20, 0x88, 0xEA, 0xA0, 0x02, 0xA2, 0x00 // 0x00002CB0 
, 0x20, 0xE2, 0xED, 0x20, 0x37, 0xEA, 0x98, 0x60, 0x8D, 0x10, 0x03, 0x8C, 0x11, 0x03, 0x20, 0x2E // 0x00002CC0 
, 0xED, 0x8D, 0x10, 0x03, 0xAD, 0x0C, 0x03, 0x20, 0x2E, 0xED, 0x8D, 0x0C, 0x03, 0xAD, 0x10, 0x03 // 0x00002CD0 
, 0x38, 0xED, 0x0C, 0x03, 0x8D, 0x12, 0x03, 0xAD, 0x11, 0x03, 0x38, 0xED, 0x0D, 0x03, 0xA8, 0xA6 // 0x00002CE0 
, 0x62, 0xA9, 0x00, 0x38, 0xFD, 0x19, 0xEE, 0x18, 0x7D, 0x19, 0xEE, 0x88, 0x10, 0xF9, 0x18, 0x6D // 0x00002CF0 
, 0x12, 0x03, 0xA8, 0x4A, 0x4A, 0x4A, 0x0A, 0x38, 0xE9, 0x16, 0xAA, 0x98, 0x29, 0x07, 0xA8, 0xA9 // 0x00002D00 
, 0xF5, 0x18, 0x69, 0x0B, 0x88, 0x10, 0xFA, 0xA0, 0x00, 0x38, 0xE9, 0x07, 0x10, 0x01, 0x88, 0x18 // 0x00002D10 
, 0x7D, 0xF9, 0xED, 0x8D, 0xEE, 0x02, 0x98, 0x7D, 0xFA, 0xED, 0x8D, 0xEF, 0x02, 0x60, 0xC9, 0x7C // 0x00002D20 
, 0x30, 0x04, 0x38, 0xE9, 0x7C, 0x60, 0x18, 0xA6, 0x62, 0x7D, 0x1B, 0xEE, 0x60, 0xA5, 0x11, 0xD0 // 0x00002D30 
, 0x03, 0x4C, 0xC7, 0xED, 0x78, 0xAD, 0x17, 0x03, 0xD0, 0x02, 0xF0, 0x25, 0xAD, 0x0F, 0xD2, 0x29 // 0x00002D40 
, 0x10, 0xD0, 0xEA, 0x8D, 0x16, 0x03, 0xAE, 0x0B, 0xD4, 0xA4, 0x14, 0x8E, 0x0C, 0x03, 0x8C, 0x0D // 0x00002D50 
, 0x03, 0xA2, 0x01, 0x8E, 0x15, 0x03, 0xA0, 0x0A, 0xA5, 0x11, 0xF0, 0x5B, 0xAD, 0x17, 0x03, 0xD0 // 0x00002D60 
, 0x04, 0x58, 0x4C, 0x27, 0xEB, 0xAD, 0x0F, 0xD2, 0x29, 0x10, 0xCD, 0x16, 0x03, 0xF0, 0xE9, 0x8D // 0x00002D70 
, 0x16, 0x03, 0x88, 0xD0, 0xE3, 0xCE, 0x15, 0x03, 0x30, 0x0C, 0xAD, 0x0B, 0xD4, 0xA4, 0x14, 0x20 // 0x00002D80 
, 0xC8, 0xEC, 0xA0, 0x09, 0xD0, 0xD2, 0xAD, 0xEE, 0x02, 0x8D, 0x04, 0xD2, 0xAD, 0xEF, 0x02, 0x8D // 0x00002D90 
, 0x06, 0xD2, 0xA9, 0x00, 0x8D, 0x0F, 0xD2, 0xAD, 0x32, 0x02, 0x8D, 0x0F, 0xD2, 0xA9, 0x55, 0x91 // 0x00002DA0 
, 0x32, 0xC8, 0x91, 0x32, 0xA9, 0xAA, 0x85, 0x31, 0x18, 0xA5, 0x32, 0x69, 0x02, 0x85, 0x32, 0xA5 // 0x00002DB0 
, 0x33, 0x69, 0x00, 0x85, 0x33, 0x58, 0x60, 0x20, 0x84, 0xEC, 0xA9, 0x3C, 0x8D, 0x02, 0xD3, 0xA9 // 0x00002DC0 
, 0x3C, 0x8D, 0x03, 0xD3, 0xA9, 0x80, 0x85, 0x30, 0xAE, 0x18, 0x03, 0x9A, 0xC6, 0x11, 0x58, 0x4C // 0x00002DD0 
, 0x2A, 0xEA, 0xA9, 0x11, 0x8D, 0x26, 0x02, 0xA9, 0xEC, 0x8D, 0x27, 0x02, 0xA9, 0x01, 0x78, 0x20 // 0x00002DE0 
, 0x5C, 0xE4, 0xA9, 0x01, 0x8D, 0x17, 0x03, 0x58, 0x60, 0xE8, 0x03, 0x43, 0x04, 0x9E, 0x04, 0xF9 // 0x00002DF0 
, 0x04, 0x54, 0x05, 0xAF, 0x05, 0x0A, 0x06, 0x65, 0x06, 0xC0, 0x06, 0x1A, 0x07, 0x75, 0x07, 0xD0 // 0x00002E00 
, 0x07, 0xB4, 0x96, 0x78, 0x64, 0x0F, 0x0D, 0x0A, 0x08, 0x83, 0x9C, 0x07, 0x20, 0x18, 0x10, 0x0A // 0x00002E10 
, 0x0A, 0x10, 0x1C, 0x34, 0x64, 0xC4, 0xC4, 0xC4, 0xC4, 0x1C, 0x10, 0x64, 0xC4, 0x17, 0x17, 0x0B // 0x00002E20 
, 0x17, 0x2F, 0x2F, 0x5F, 0x5F, 0x61, 0x61, 0x61, 0x61, 0x17, 0x0B, 0xBF, 0x61, 0x13, 0x13, 0x09 // 0x00002E30 
, 0x13, 0x27, 0x27, 0x4F, 0x4F, 0x41, 0x41, 0x41, 0x41, 0x13, 0x09, 0x9F, 0x41, 0x02, 0x06, 0x07 // 0x00002E40 
, 0x08, 0x09, 0x0A, 0x0B, 0x0D, 0x0F, 0x0F, 0x0F, 0x0F, 0x04, 0x05, 0x0C, 0x0E, 0x00, 0x00, 0x00 // 0x00002E50 
, 0x00, 0x00, 0x00, 0x00, 0x01, 0x01, 0x01, 0x01, 0x01, 0x00, 0x00, 0x01, 0x01, 0x03, 0x02, 0x02 // 0x00002E60 
, 0x01, 0x01, 0x02, 0x02, 0x03, 0x03, 0x03, 0x03, 0x03, 0x03, 0x03, 0x02, 0x03, 0x28, 0x14, 0x14 // 0x00002E70 
, 0x28, 0x50, 0x50, 0xA0, 0xA0, 0x40, 0x50, 0x50, 0x50, 0x28, 0x28, 0xA0, 0xA0, 0x18, 0x18, 0x0C // 0x00002E80 
, 0x18, 0x30, 0x30, 0x60, 0x60, 0xC0, 0xC0, 0xC0, 0xC0, 0x18, 0x0C, 0xC0, 0xC0, 0x00, 0x00, 0x00 // 0x00002E90 
, 0x02, 0x03, 0x02, 0x03, 0x02, 0x03, 0x01, 0x01, 0x01, 0x00, 0x00, 0x03, 0x02, 0xFF, 0xF0, 0x0F // 0x00002EA0 
, 0xC0, 0x30, 0x0C, 0x03, 0x80, 0x40, 0x20, 0x10, 0x08, 0x04, 0x02, 0x01, 0x48, 0x98, 0x48, 0x8A // 0x00002EB0 
, 0xA2, 0x00, 0xDD, 0x1A, 0x03, 0xF0, 0x1E, 0xE8, 0xE8, 0xE8, 0xE0, 0x22, 0x30, 0xF4, 0xA2, 0x00 // 0x00002EC0 
, 0xA8, 0xA9, 0x00, 0xDD, 0x1A, 0x03, 0xF0, 0x13, 0xE8, 0xE8, 0xE8, 0xE0, 0x22, 0x30, 0xF4, 0x68 // 0x00002ED0 
, 0x68, 0xA0, 0xFF, 0x38, 0x60, 0x68, 0xA8, 0x68, 0xE8, 0x38, 0x60, 0x98, 0x9D, 0x1A, 0x03, 0x68 // 0x00002EE0 
, 0x9D, 0x1B, 0x03, 0x68, 0x9D, 0x1C, 0x03, 0x18, 0x60, 0xA0, 0x00, 0xB1, 0x24, 0xA4, 0x21, 0x20 // 0x00002EF0 
, 0xBE, 0xE7, 0x10, 0x03, 0xA0, 0x82, 0x60, 0xA9, 0x7F, 0x85, 0x20, 0xA9, 0x25, 0x85, 0x26, 0xA9 // 0x00002F00 
, 0xEF, 0x85, 0x27, 0xAD, 0xEC, 0x02, 0xAE, 0x2E, 0x00, 0x9D, 0x4D, 0x03, 0xA0, 0x00, 0xB1, 0x24 // 0x00002F10 
, 0x9D, 0x4C, 0x03, 0xA0, 0x01, 0x60, 0x48, 0x8A, 0x48, 0x29, 0x0F, 0xD0, 0x10, 0xE0, 0x80, 0x10 // 0x00002F20 
, 0x0C, 0xAD, 0xE9, 0x02, 0xD0, 0x0B, 0xA0, 0x82, 0x68, 0x68, 0xC0, 0x00, 0x60, 0xA0, 0x86, 0x30 // 0x00002F30 
, 0xF7, 0x8E, 0x2E, 0x00, 0xA0, 0x00, 0xBD, 0x40, 0x03, 0x99, 0x20, 0x00, 0xE8, 0xC8, 0xC0, 0x0C // 0x00002F40 
, 0x30, 0xF4, 0x20, 0x29, 0xCA, 0x30, 0xE1, 0x68, 0xAA, 0x68, 0xA8, 0xA5, 0x27, 0x48, 0xA5, 0x26 // 0x00002F50 
, 0x48, 0x98, 0xA0, 0x92, 0x60, 0x00, 0x00, 0x00, 0x00, 0x00, 0x00, 0x4C, 0x05, 0xFD, 0xA9, 0xFF // 0x00002F60 
, 0x8D, 0xFC, 0x02, 0xAD, 0xE4, 0x02, 0x85, 0x6A, 0xA9, 0x40, 0x8D, 0xBE, 0x02, 0xA9, 0x51, 0x85 // 0x00002F70 
, 0x79, 0xA9, 0xFB, 0x85, 0x7A, 0xA9, 0x11, 0x85, 0x60, 0xA9, 0xFC, 0x85, 0x61, 0x60, 0xA5, 0x2B // 0x00002F80 
, 0x29, 0x0F, 0xD0, 0x08, 0xA5, 0x2A, 0x29, 0x0F, 0x85, 0x2A, 0xA9, 0x00, 0x85, 0x57, 0xC9, 0x10 // 0x00002F90 
, 0x90, 0x05, 0xA9, 0x91, 0x4C, 0x54, 0xF1, 0xA9, 0xE0, 0x8D, 0xF4, 0x02, 0xA9, 0xCC, 0x8D, 0x6B // 0x00002FA0 
, 0x02, 0xA9, 0x02, 0x8D, 0xF3, 0x02, 0x8D, 0x2F, 0x02, 0xA9, 0x01, 0x85, 0x4C, 0xA9, 0xC0, 0x05 // 0x00002FB0 
, 0x10, 0x85, 0x10, 0x8D, 0x0E, 0xD2, 0xA9, 0x40, 0x8D, 0x0E, 0xD4, 0x2C, 0x6E, 0x02, 0x10, 0x0C // 0x00002FC0 
, 0xA9, 0xC4, 0x8D, 0x00, 0x02, 0xA9, 0xFC, 0x8D, 0x01, 0x02, 0xA9, 0xC0, 0x8D, 0x0E, 0xD4, 0xA9 // 0x00002FD0 
, 0x00, 0x8D, 0x93, 0x02, 0x85, 0x64, 0x85, 0x7B, 0x8D, 0xF0, 0x02, 0xA0, 0x0E, 0xA9, 0x01, 0x99 // 0x00002FE0 
, 0xA3, 0x02, 0x88, 0x10, 0xFA, 0xA2, 0x04, 0xBD, 0x08, 0xFB, 0x9D, 0xC4, 0x02, 0xCA, 0x10, 0xF7 // 0x00002FF0 
, 0xA4, 0x6A, 0x88, 0x8C, 0x95, 0x02, 0xA9, 0x60, 0x8D, 0x94, 0x02, 0xA6, 0x57, 0xBD, 0x4D, 0xEE // 0x00003000 
, 0x85, 0x51, 0xA5, 0x6A, 0x85, 0x65, 0xBC, 0x1D, 0xEE, 0xA9, 0x28, 0x20, 0x7A, 0xF5, 0x88, 0xD0 // 0x00003010 
, 0xF8, 0xAD, 0x6F, 0x02, 0x29, 0x3F, 0x85, 0x67, 0xA8, 0xE0, 0x08, 0x90, 0x1F, 0xE0, 0x0F, 0xF0 // 0x00003020 
, 0x0D, 0xE0, 0x0C, 0xB0, 0x17, 0x8A, 0x6A, 0x6A, 0x6A, 0x29, 0xC0, 0x05, 0x67, 0xA8, 0xA9, 0x10 // 0x00003030 
, 0x20, 0x7A, 0xF5, 0xE0, 0x0B, 0xD0, 0x05, 0xA9, 0x06, 0x8D, 0xC8, 0x02, 0x8C, 0x6F, 0x02, 0xA5 // 0x00003040 
, 0x64, 0x85, 0x58, 0xA5, 0x65, 0x85, 0x59, 0xAD, 0x0B, 0xD4, 0xC9, 0x7A, 0xD0, 0xF9, 0x20, 0x78 // 0x00003050 
, 0xF5, 0xBD, 0x5D, 0xEE, 0xF0, 0x06, 0xA9, 0xFF, 0x85, 0x64, 0xC6, 0x65, 0x20, 0x65, 0xF5, 0xA5 // 0x00003060 
, 0x64, 0x85, 0x68, 0xA5, 0x65, 0x85, 0x69, 0xA9, 0x41, 0x20, 0x70, 0xF5, 0x86, 0x66, 0xA9, 0x18 // 0x00003070 
, 0x8D, 0xBF, 0x02, 0xA5, 0x57, 0xC9, 0x0C, 0xB0, 0x04, 0xC9, 0x09, 0xB0, 0x39, 0xA5, 0x2A, 0x29 // 0x00003080 
, 0x10, 0xF0, 0x33, 0xA9, 0x04, 0x8D, 0xBF, 0x02, 0xA2, 0x02, 0xAD, 0x6E, 0x02, 0xF0, 0x03, 0x20 // 0x00003090 
, 0xA0, 0xF5, 0xA9, 0x02, 0x20, 0x69, 0xF5, 0xCA, 0x10, 0xF8, 0xA4, 0x6A, 0x88, 0x98, 0x20, 0x70 // 0x000030A0 
, 0xF5, 0xA9, 0x60, 0x20, 0x70, 0xF5, 0xA9, 0x42, 0x20, 0x69, 0xF5, 0x18, 0xA9, 0x10, 0x65, 0x66 // 0x000030B0 
, 0xA8, 0xBE, 0x2D, 0xEE, 0xD0, 0x15, 0xA4, 0x66, 0xBE, 0x2D, 0xEE, 0xA5, 0x57, 0xD0, 0x0C, 0xAD // 0x000030C0 
, 0x6E, 0x02, 0xF0, 0x07, 0x20, 0xA0, 0xF5, 0xA9, 0x22, 0x85, 0x51, 0xA5, 0x51, 0x20, 0x70, 0xF5 // 0x000030D0 
, 0xCA, 0xD0, 0xF8, 0xA5, 0x57, 0xC9, 0x08, 0x90, 0x26, 0xC9, 0x0F, 0xF0, 0x04, 0xC9, 0x0C, 0xB0 // 0x000030E0 
, 0x1E, 0xA2, 0x5D, 0xA5, 0x6A, 0x38, 0xE9, 0x10, 0x20, 0x70, 0xF5, 0xA9, 0x00, 0x20, 0x70, 0xF5 // 0x000030F0 
, 0xA5, 0x51, 0x09, 0x40, 0x20, 0x70, 0xF5, 0xA5, 0x51, 0x20, 0x70, 0xF5, 0xCA, 0xD0, 0xF8, 0xA5 // 0x00003100 
, 0x59, 0x20, 0x70, 0xF5, 0xA5, 0x58, 0x20, 0x70, 0xF5, 0xA5, 0x51, 0x09, 0x40, 0x20, 0x70, 0xF5 // 0x00003110 
, 0xA9, 0x70, 0x20, 0x70, 0xF5, 0xA9, 0x70, 0x20, 0x70, 0xF5, 0xA5, 0x64, 0x8D, 0x30, 0x02, 0xA5 // 0x00003120 
, 0x65, 0x8D, 0x31, 0x02, 0xA9, 0x70, 0x20, 0x70, 0xF5, 0xA5, 0x64, 0x8D, 0xE5, 0x02, 0xA5, 0x65 // 0x00003130 
, 0x8D, 0xE6, 0x02, 0xA0, 0x01, 0xAD, 0x30, 0x02, 0x91, 0x68, 0xC8, 0xAD, 0x31, 0x02, 0x91, 0x68 // 0x00003140 
, 0xA5, 0x4C, 0x10, 0x10, 0x8D, 0xEC, 0x03, 0x20, 0x94, 0xEF, 0xAD, 0xEC, 0x03, 0xA0, 0x00, 0x8C // 0x00003150 
, 0xEC, 0x03, 0xA8, 0x60, 0xA5, 0x2A, 0x29, 0x20, 0xD0, 0x0B, 0x20, 0x20, 0xF4, 0x8D, 0x90, 0x02 // 0x00003160 
, 0xA5, 0x52, 0x8D, 0x91, 0x02, 0xA9, 0x22, 0x0D, 0x2F, 0x02, 0x8D, 0x2F, 0x02, 0x4C, 0x0B, 0xF2 // 0x00003170 
, 0x20, 0xCA, 0xF6, 0x20, 0x8F, 0xF1, 0x20, 0x6A, 0xF7, 0x20, 0x0A, 0xF6, 0x4C, 0x1E, 0xF2, 0x20 // 0x00003180 
, 0xAC, 0xF5, 0xB1, 0x64, 0x2D, 0xA0, 0x02, 0x46, 0x6F, 0xB0, 0x03, 0x4A, 0x10, 0xF9, 0x8D, 0xFA // 0x00003190 
, 0x02, 0xC9, 0x00, 0x60, 0x8D, 0xFB, 0x02, 0xC9, 0x7D, 0xD0, 0x06, 0x20, 0x20, 0xF4, 0x4C, 0x0B // 0x000031A0 
, 0xF2, 0x20, 0xCA, 0xF6, 0xAD, 0xFB, 0x02, 0xC9, 0x9B, 0xD0, 0x06, 0x20, 0x61, 0xF6, 0x4C, 0x0B // 0x000031B0 
, 0xF2, 0x20, 0xCA, 0xF1, 0x20, 0x0E, 0xF6, 0x4C, 0x0B, 0xF2, 0xAD, 0xFF, 0x02, 0xD0, 0xFB, 0xA2 // 0x000031C0 
, 0x02, 0xB5, 0x54, 0x95, 0x5A, 0xCA, 0x10, 0xF9, 0xAD, 0xFB, 0x02, 0xA8, 0x2A, 0x2A, 0x2A, 0x2A // 0x000031D0 
, 0x29, 0x03, 0xAA, 0x98, 0x29, 0x9F, 0x1D, 0x49, 0xFB, 0x8D, 0xFA, 0x02, 0x20, 0xAC, 0xF5, 0xAD // 0x000031E0 
, 0xFA, 0x02, 0x46, 0x6F, 0xB0, 0x04, 0x0A, 0x4C, 0xF2, 0xF1, 0x2D, 0xA0, 0x02, 0x85, 0x50, 0xAD // 0x000031F0 
, 0xA0, 0x02, 0x49, 0xFF, 0x31, 0x64, 0x05, 0x50, 0x91, 0x64, 0x60, 0x20, 0x8F, 0xF1, 0x85, 0x5D // 0x00003200 
, 0xA6, 0x57, 0xD0, 0x0A, 0xAE, 0xF0, 0x02, 0xD0, 0x05, 0x49, 0x80, 0x20, 0xE9, 0xF1, 0xA4, 0x4C // 0x00003210 
, 0x4C, 0x26, 0xF2, 0x4C, 0xFC, 0xC8, 0xA9, 0x01, 0x85, 0x4C, 0xAD, 0xFB, 0x02, 0x60, 0x2C, 0x6E // 0x00003220 
, 0x02, 0x10, 0xEB, 0xA9, 0x40, 0x8D, 0x0E, 0xD4, 0xA9, 0x00, 0x8D, 0x6E, 0x02, 0xA9, 0xCE, 0x8D // 0x00003230 
, 0x00, 0x02, 0xA9, 0xC0, 0x8D, 0x01, 0x02, 0x4C, 0x94, 0xEF, 0x20, 0x62, 0xF9, 0x20, 0xBC, 0xF6 // 0x00003240 
, 0xA5, 0x6B, 0xD0, 0x34, 0xA5, 0x54, 0x85, 0x6C, 0xA5, 0x55, 0x85, 0x6D, 0x20, 0xFD, 0xF2, 0x84 // 0x00003250 
, 0x4C, 0xAD, 0xFB, 0x02, 0xC9, 0x9B, 0xF0, 0x12, 0x20, 0xBE, 0xF2, 0x20, 0x62, 0xF9, 0xA5, 0x63 // 0x00003260 
, 0xC9, 0x71, 0xD0, 0x03, 0x20, 0x56, 0xF5, 0x4C, 0x5C, 0xF2, 0x20, 0x18, 0xF7, 0x20, 0xB1, 0xF8 // 0x00003270 
, 0xA5, 0x6C, 0x85, 0x54, 0xA5, 0x6D, 0x85, 0x55, 0xA5, 0x6B, 0xF0, 0x11, 0xC6, 0x6B, 0xF0, 0x0D // 0x00003280 
, 0xA5, 0x4C, 0x30, 0xF8, 0x20, 0x80, 0xF1, 0x8D, 0xFB, 0x02, 0x4C, 0x62, 0xF9, 0x20, 0x61, 0xF6 // 0x00003290 
, 0xA9, 0x9B, 0x8D, 0xFB, 0x02, 0x20, 0x0B, 0xF2, 0x84, 0x4C, 0x4C, 0x62, 0xF9, 0x6C, 0x64, 0x00 // 0x000032A0 
, 0x8D, 0xFB, 0x02, 0x20, 0x62, 0xF9, 0x20, 0xBC, 0xF6, 0xA9, 0x00, 0x8D, 0xE8, 0x03, 0x20, 0x18 // 0x000032B0 
, 0xF7, 0x20, 0x3C, 0xF9, 0xF0, 0x09, 0x0E, 0xA2, 0x02, 0x20, 0xB4, 0xF1, 0x4C, 0x62, 0xF9, 0xAD // 0x000032C0 
, 0xFE, 0x02, 0x0D, 0xA2, 0x02, 0xD0, 0xEF, 0x0E, 0xA2, 0x02, 0xE8, 0xAD, 0xE8, 0x03, 0xF0, 0x05 // 0x000032D0 
, 0x8A, 0x18, 0x69, 0x2D, 0xAA, 0xBD, 0x0D, 0xFB, 0x85, 0x64, 0xBD, 0x0E, 0xFB, 0x85, 0x65, 0x20 // 0x000032E0 
, 0xAD, 0xF2, 0x20, 0x0B, 0xF2, 0x4C, 0x62, 0xF9, 0xA9, 0xFF, 0x8D, 0xFC, 0x02, 0xA9, 0x00, 0x8D // 0x000032F0 
, 0xE8, 0x03, 0xA5, 0x2A, 0x4A, 0xB0, 0x6F, 0xA9, 0x80, 0xA6, 0x11, 0xF0, 0x65, 0xAD, 0xFC, 0x02 // 0x00003300 
, 0xC9, 0xFF, 0xF0, 0xE9, 0x85, 0x7C, 0xA2, 0xFF, 0x8E, 0xFC, 0x02, 0xAE, 0xDB, 0x02, 0xD0, 0x03 // 0x00003310 
, 0x20, 0x83, 0xF9, 0xA8, 0xC0, 0xC0, 0xB0, 0xD0, 0xB1, 0x79, 0x8D, 0xFB, 0x02, 0xAA, 0x30, 0x03 // 0x00003320 
, 0x4C, 0xB4, 0xF3, 0xC9, 0x80, 0xF0, 0xC1, 0xC9, 0x81, 0xD0, 0x0A, 0xAD, 0xB6, 0x02, 0x49, 0x80 // 0x00003330 
, 0x8D, 0xB6, 0x02, 0xB0, 0xB3, 0xC9, 0x82, 0xD0, 0x0C, 0xAD, 0xBE, 0x02, 0xF0, 0x0B, 0xA9, 0x00 // 0x00003340 
, 0x8D, 0xBE, 0x02, 0xF0, 0xA3, 0xC9, 0x83, 0xD0, 0x07, 0xA9, 0x40, 0x8D, 0xBE, 0x02, 0xD0, 0x98 // 0x00003350 
, 0xC9, 0x84, 0xD0, 0x08, 0xA9, 0x80, 0x8D, 0xBE, 0x02, 0x4C, 0xF8, 0xF2, 0xC9, 0x85, 0xD0, 0x0B // 0x00003360 
, 0xA9, 0x88, 0x85, 0x4C, 0x85, 0x11, 0xA9, 0x9B, 0x4C, 0xDA, 0xF3, 0xC9, 0x89, 0xD0, 0x10, 0xAD // 0x00003370 
, 0xDB, 0x02, 0x49, 0xFF, 0x8D, 0xDB, 0x02, 0xD0, 0x03, 0x20, 0x83, 0xF9, 0x4C, 0xF8, 0xF2, 0xC9 // 0x00003380 
, 0x8E, 0xB0, 0x12, 0xC9, 0x8A, 0x90, 0xF5, 0xE9, 0x8A, 0x06, 0x7C, 0x10, 0x02, 0x09, 0x04, 0xA8 // 0x00003390 
, 0xB1, 0x60, 0x4C, 0x2A, 0xF3, 0xC9, 0x92, 0xB0, 0x0B, 0xC9, 0x8E, 0x90, 0xDF, 0xE9, 0x72, 0xEE // 0x000033A0 
, 0xE8, 0x03, 0xD0, 0x26, 0xA5, 0x7C, 0xC9, 0x40, 0xB0, 0x15, 0xAD, 0xFB, 0x02, 0xC9, 0x61, 0x90 // 0x000033B0 
, 0x0E, 0xC9, 0x7B, 0xB0, 0x0A, 0xAD, 0xBE, 0x02, 0xF0, 0x05, 0x05, 0x7C, 0x4C, 0x23, 0xF3, 0x20 // 0x000033C0 
, 0x3C, 0xF9, 0xF0, 0x09, 0xAD, 0xFB, 0x02, 0x4D, 0xB6, 0x02, 0x8D, 0xFB, 0x02, 0x4C, 0x1E, 0xF2 // 0x000033D0 
, 0xA9, 0x80, 0x8D, 0xA2, 0x02, 0x60, 0xC6, 0x54, 0x10, 0x06, 0xAE, 0xBF, 0x02, 0xCA, 0x86, 0x54 // 0x000033E0 
, 0x4C, 0x0C, 0xF9, 0xE6, 0x54, 0xA5, 0x54, 0xCD, 0xBF, 0x02, 0x90, 0xF4, 0xA2, 0x00, 0xF0, 0xEE // 0x000033F0 
, 0xC6, 0x55, 0xA5, 0x55, 0x30, 0x04, 0xC5, 0x52, 0xB0, 0x04, 0xA5, 0x53, 0x85, 0x55, 0x4C, 0x8E // 0x00003400 
, 0xF8, 0xE6, 0x55, 0xA5, 0x55, 0xC5, 0x53, 0x90, 0xF5, 0xF0, 0xF3, 0xA5, 0x52, 0x4C, 0x0C, 0xF4 // 0x00003410 
, 0x20, 0xA6, 0xF9, 0xA4, 0x64, 0xA9, 0x00, 0x85, 0x64, 0x91, 0x64, 0xC8, 0xD0, 0xFB, 0xE6, 0x65 // 0x00003420 
, 0xA6, 0x65, 0xE4, 0x6A, 0x90, 0xF3, 0xA9, 0xFF, 0x99, 0xB2, 0x02, 0xC8, 0xC0, 0x04, 0x90, 0xF8 // 0x00003430 
, 0x20, 0x97, 0xF9, 0x85, 0x63, 0x85, 0x6D, 0xA9, 0x00, 0x85, 0x54, 0x85, 0x56, 0x85, 0x6C, 0x60 // 0x00003440 
, 0xA5, 0x63, 0xC5, 0x52, 0xF0, 0x21, 0xA5, 0x55, 0xC5, 0x52, 0xD0, 0x03, 0x20, 0x23, 0xF9, 0x20 // 0x00003450 
, 0x00, 0xF4, 0xA5, 0x55, 0xC5, 0x53, 0xD0, 0x07, 0xA5, 0x54, 0xF0, 0x03, 0x20, 0xE6, 0xF3, 0xA9 // 0x00003460 
, 0x20, 0x8D, 0xFB, 0x02, 0x20, 0xCA, 0xF1, 0x4C, 0x8E, 0xF8, 0x20, 0x11, 0xF4, 0xA5, 0x55, 0xC5 // 0x00003470 
, 0x52, 0xD0, 0x08, 0x20, 0x65, 0xF6, 0x20, 0x58, 0xF7, 0xB0, 0x07, 0xA5, 0x63, 0x20, 0x5D, 0xF7 // 0x00003480 
, 0x90, 0xE8, 0x4C, 0x8E, 0xF8, 0xA5, 0x63, 0x4C, 0x3E, 0xF7, 0xA5, 0x63, 0x4C, 0x4A, 0xF7, 0x20 // 0x00003490 
, 0x4C, 0xF9, 0x20, 0x8F, 0xF1, 0x85, 0x7D, 0xA9, 0x00, 0x8D, 0xBB, 0x02, 0x20, 0xE9, 0xF1, 0xA5 // 0x000034A0 
, 0x63, 0x48, 0x20, 0x12, 0xF6, 0x68, 0xC5, 0x63, 0xB0, 0x0C, 0xA5, 0x7D, 0x48, 0x20, 0x8F, 0xF1 // 0x000034B0 
, 0x85, 0x7D, 0x68, 0x4C, 0xAC, 0xF4, 0x20, 0x57, 0xF9, 0xCE, 0xBB, 0x02, 0x30, 0x04, 0xC6, 0x54 // 0x000034C0 
, 0xD0, 0xF7, 0x4C, 0x8E, 0xF8, 0x20, 0x4C, 0xF9, 0x20, 0xAC, 0xF5, 0xA5, 0x64, 0x85, 0x68, 0xA5 // 0x000034D0 
, 0x65, 0x85, 0x69, 0xA5, 0x63, 0x48, 0x20, 0x0A, 0xF6, 0x68, 0xC5, 0x63, 0xB0, 0x10, 0xA5, 0x54 // 0x000034E0 
, 0xCD, 0xBF, 0x02, 0xB0, 0x09, 0x20, 0x8F, 0xF1, 0xA0, 0x00, 0x91, 0x68, 0xF0, 0xDA, 0xA0, 0x00 // 0x000034F0 
, 0x98, 0x91, 0x68, 0x20, 0x18, 0xF9, 0x20, 0x57, 0xF9, 0x4C, 0x8E, 0xF8, 0x38, 0x20, 0xC2, 0xF7 // 0x00003500 
, 0xA5, 0x52, 0x85, 0x55, 0x20, 0xAC, 0xF5, 0x20, 0x8E, 0xF7, 0x20, 0xE2, 0xF7, 0x4C, 0x8E, 0xF8 // 0x00003510 
, 0x20, 0x8E, 0xF8, 0xA4, 0x51, 0x84, 0x54, 0xA4, 0x54, 0x98, 0x38, 0x20, 0x5B, 0xF7, 0x08, 0x98 // 0x00003520 
, 0x18, 0x69, 0x78, 0x28, 0x20, 0x3C, 0xF7, 0xC8, 0xC0, 0x18, 0xD0, 0xED, 0xAD, 0xB4, 0x02, 0x09 // 0x00003530 
, 0x01, 0x8D, 0xB4, 0x02, 0xA9, 0x00, 0x85, 0x55, 0x20, 0xAC, 0xF5, 0x20, 0x2A, 0xF8, 0x20, 0x58 // 0x00003540 
, 0xF7, 0x90, 0xD4, 0x4C, 0x1B, 0xF4, 0xA0, 0x20, 0x20, 0x83, 0xF9, 0x88, 0x10, 0xFA, 0x60, 0x20 // 0x00003550 
, 0x40, 0xF4, 0x4C, 0xE6, 0xF3, 0xA9, 0x02, 0xD0, 0x11, 0xAC, 0x6E, 0x02, 0xF0, 0x02, 0x09, 0x20 // 0x00003560 
, 0xA4, 0x4C, 0x30, 0x2B, 0xA0, 0x00, 0x91, 0x64, 0xA9, 0x01, 0x8D, 0x9E, 0x02, 0xA5, 0x4C, 0x30 // 0x00003570 
, 0x1E, 0xA5, 0x64, 0x38, 0xED, 0x9E, 0x02, 0x85, 0x64, 0xB0, 0x02, 0xC6, 0x65, 0xA5, 0x0F, 0xC5 // 0x00003580 
, 0x65, 0x90, 0x0C, 0xD0, 0x06, 0xA5, 0x0E, 0xC5, 0x64, 0x90, 0x04, 0xA9, 0x93, 0x85, 0x4C, 0x60 // 0x00003590 
, 0xA9, 0x02, 0x20, 0x70, 0xF5, 0xA9, 0xA2, 0x20, 0x70, 0xF5, 0xCA, 0x60, 0xA2, 0x01, 0x86, 0x66 // 0x000035A0 
, 0xCA, 0x86, 0x65, 0xA5, 0x54, 0x0A, 0x26, 0x65, 0x0A, 0x26, 0x65, 0x65, 0x54, 0x85, 0x64, 0x90 // 0x000035B0 
, 0x02, 0xE6, 0x65, 0xA4, 0x57, 0xBE, 0x6D, 0xEE, 0x06, 0x64, 0x26, 0x65, 0xCA, 0xD0, 0xF9, 0xA5 // 0x000035C0 
, 0x56, 0x4A, 0xA5, 0x55, 0xBE, 0x9D, 0xEE, 0xF0, 0x06, 0x6A, 0x06, 0x66, 0xCA, 0xD0, 0xFA, 0x65 // 0x000035D0 
, 0x64, 0x90, 0x02, 0xE6, 0x65, 0x18, 0x65, 0x58, 0x85, 0x64, 0x85, 0x5E, 0xA5, 0x65, 0x65, 0x59 // 0x000035E0 
, 0x85, 0x65, 0x85, 0x5F, 0xBE, 0x9D, 0xEE, 0xBD, 0x04, 0xFB, 0x25, 0x55, 0x65, 0x66, 0xA8, 0xB9 // 0x000035F0 
, 0xAC, 0xEE, 0x8D, 0xA0, 0x02, 0x85, 0x6F, 0xA0, 0x00, 0x60, 0xA9, 0x00, 0xF0, 0x02, 0xA9, 0x9B // 0x00003600 
, 0x85, 0x7D, 0xE6, 0x63, 0xE6, 0x55, 0xD0, 0x02, 0xE6, 0x56, 0xA5, 0x55, 0xA6, 0x57, 0xDD, 0x7D // 0x00003610 
, 0xEE, 0xF0, 0x0A, 0xE0, 0x00, 0xD0, 0xE2, 0xC5, 0x53, 0xF0, 0xDE, 0x90, 0xDC, 0xE0, 0x08, 0xD0 // 0x00003620 
, 0x04, 0xA5, 0x56, 0xF0, 0xD4, 0xA5, 0x57, 0xD0, 0x2C, 0xA5, 0x63, 0xC9, 0x51, 0x90, 0x0A, 0xA5 // 0x00003630 
, 0x7D, 0xF0, 0x22, 0x20, 0x61, 0xF6, 0x4C, 0xAB, 0xF6, 0x20, 0x65, 0xF6, 0xA5, 0x54, 0x18, 0x69 // 0x00003640 
, 0x78, 0x20, 0x5D, 0xF7, 0x90, 0x08, 0xA5, 0x7D, 0xF0, 0x04, 0x18, 0x20, 0x0D, 0xF5, 0x4C, 0x8E // 0x00003650 
, 0xF8, 0xA9, 0x9B, 0x85, 0x7D, 0x20, 0x97, 0xF9, 0xA9, 0x00, 0x85, 0x56, 0xE6, 0x54, 0xA6, 0x57 // 0x00003660 
, 0xA0, 0x18, 0x24, 0x7B, 0x10, 0x05, 0xA0, 0x04, 0x98, 0xD0, 0x03, 0xBD, 0x8D, 0xEE, 0xC5, 0x54 // 0x00003670 
, 0xD0, 0x29, 0x8C, 0x9D, 0x02, 0x8A, 0xD0, 0x23, 0xA5, 0x7D, 0xF0, 0x1F, 0xC9, 0x9B, 0xF0, 0x01 // 0x00003680 
, 0x18, 0x20, 0xF7, 0xF7, 0xEE, 0xBB, 0x02, 0xC6, 0x6C, 0x10, 0x02, 0xE6, 0x6C, 0xCE, 0x9D, 0x02 // 0x00003690 
, 0xAD, 0xB2, 0x02, 0x38, 0x10, 0xEB, 0xAD, 0x9D, 0x02, 0x85, 0x54, 0x4C, 0x8E, 0xF8, 0x38, 0xB5 // 0x000036A0 
, 0x70, 0xE5, 0x74, 0x95, 0x70, 0xB5, 0x71, 0xE5, 0x75, 0x95, 0x71, 0x60, 0xAD, 0xBF, 0x02, 0xC9 // 0x000036B0 
, 0x04, 0xF0, 0x07, 0xA5, 0x57, 0xF0, 0x03, 0x20, 0x94, 0xEF, 0xA9, 0x27, 0xC5, 0x53, 0xB0, 0x02 // 0x000036C0 
, 0x85, 0x53, 0xA6, 0x57, 0xBD, 0x8D, 0xEE, 0xC5, 0x54, 0x90, 0x2A, 0xF0, 0x28, 0xE0, 0x08, 0xD0 // 0x000036D0 
, 0x0A, 0xA5, 0x56, 0xF0, 0x13, 0xC9, 0x01, 0xD0, 0x1C, 0xF0, 0x04, 0xA5, 0x56, 0xD0, 0x16, 0xBD // 0x000036E0 
, 0x7D, 0xEE, 0xC5, 0x55, 0x90, 0x0F, 0xF0, 0x0D, 0xA9, 0x01, 0x85, 0x4C, 0xA9, 0x80, 0xA6, 0x11 // 0x000036F0 
, 0x85, 0x11, 0xF0, 0x06, 0x60, 0x20, 0x40, 0xF4, 0xA9, 0x8D, 0x85, 0x4C, 0x68, 0x68, 0xA5, 0x7B // 0x00003700 
, 0x10, 0x03, 0x4C, 0x62, 0xF9, 0x4C, 0x1E, 0xF2, 0xA0, 0x00, 0xA5, 0x5F, 0xF0, 0x04, 0xA5, 0x5D // 0x00003710 
, 0x91, 0x5E, 0x60, 0x48, 0x29, 0x07, 0xAA, 0xBD, 0xB4, 0xEE, 0x85, 0x6E, 0x68, 0x4A, 0x4A, 0x4A // 0x00003720 
, 0xAA, 0x60, 0x2E, 0xB4, 0x02, 0x2E, 0xB3, 0x02, 0x2E, 0xB2, 0x02, 0x60, 0x90, 0x0C, 0x20, 0x23 // 0x00003730 
, 0xF7, 0xBD, 0xA3, 0x02, 0x05, 0x6E, 0x9D, 0xA3, 0x02, 0x60, 0x20, 0x23, 0xF7, 0xA5, 0x6E, 0x49 // 0x00003740 
, 0xFF, 0x3D, 0xA3, 0x02, 0x9D, 0xA3, 0x02, 0x60, 0xA5, 0x54, 0x18, 0x69, 0x78, 0x20, 0x23, 0xF7 // 0x00003750 
, 0x18, 0xBD, 0xA3, 0x02, 0x25, 0x6E, 0xF0, 0x01, 0x38, 0x60, 0xAD, 0xFA, 0x02, 0xA4, 0x57, 0xC0 // 0x00003760 
, 0x0E, 0xB0, 0x17, 0xC0, 0x0C, 0xB0, 0x04, 0xC0, 0x03, 0xB0, 0x0F, 0x2A, 0x2A, 0x2A, 0x2A, 0x29 // 0x00003770 
, 0x03, 0xAA, 0xAD, 0xFA, 0x02, 0x29, 0x9F, 0x1D, 0x4D, 0xFB, 0x8D, 0xFB, 0x02, 0x60, 0xA6, 0x6A // 0x00003780 
, 0xCA, 0x86, 0x69, 0x86, 0x67, 0xA9, 0xB0, 0x85, 0x68, 0xA9, 0xD8, 0x85, 0x66, 0xA6, 0x54, 0xE8 // 0x00003790 
, 0xEC, 0xBF, 0x02, 0xF0, 0xE8, 0xA0, 0x27, 0xB1, 0x68, 0x91, 0x66, 0x88, 0x10, 0xF9, 0x38, 0xA5 // 0x000037A0 
, 0x68, 0x85, 0x66, 0xE9, 0x28, 0x85, 0x68, 0xA5, 0x69, 0x85, 0x67, 0xE9, 0x00, 0x85, 0x69, 0x4C // 0x000037B0 
, 0x9F, 0xF7, 0x08, 0xA0, 0x16, 0x98, 0x20, 0x5A, 0xF7, 0x08, 0x98, 0x18, 0x69, 0x79, 0x28, 0x20 // 0x000037C0 
, 0x3C, 0xF7, 0x88, 0x30, 0x04, 0xC4, 0x54, 0xB0, 0xEC, 0xA5, 0x54, 0x18, 0x69, 0x78, 0x28, 0x4C // 0x000037D0 
, 0x3C, 0xF7, 0xA5, 0x52, 0x85, 0x55, 0x20, 0xAC, 0xF5, 0x38, 0xA5, 0x53, 0xE5, 0x52, 0xA8, 0xA9 // 0x000037E0 
, 0x00, 0x91, 0x64, 0x88, 0x10, 0xFB, 0x60, 0x20, 0x32, 0xF7, 0xAD, 0x6E, 0x02, 0xF0, 0x28, 0xAD // 0x000037F0 
, 0x6C, 0x02, 0xD0, 0xFB, 0xA9, 0x08, 0x8D, 0x6C, 0x02, 0xAD, 0x6C, 0x02, 0xC9, 0x01, 0xD0, 0xF9 // 0x00003800 
, 0xAD, 0x0B, 0xD4, 0xC9, 0x40, 0xB0, 0xF9, 0xA2, 0x0D, 0xAD, 0xBF, 0x02, 0xC9, 0x04, 0xD0, 0x02 // 0x00003810 
, 0xA2, 0x70, 0xEC, 0x0B, 0xD4, 0xB0, 0xFB, 0x20, 0xA6, 0xF9, 0xA5, 0x64, 0xA6, 0x65, 0xE8, 0xE4 // 0x00003820 
, 0x6A, 0xF0, 0x06, 0x38, 0xE9, 0x10, 0x4C, 0x2E, 0xF8, 0x69, 0x27, 0xD0, 0x0A, 0xA6, 0x65, 0xE8 // 0x00003830 
, 0xE4, 0x6A, 0xF0, 0x38, 0x18, 0x69, 0x10, 0xA8, 0x85, 0x7E, 0x38, 0xA5, 0x64, 0xE5, 0x7E, 0x85 // 0x00003840 
, 0x64, 0xB0, 0x02, 0xC6, 0x65, 0xA5, 0x64, 0x18, 0x69, 0x28, 0x85, 0x7E, 0xA5, 0x65, 0x69, 0x00 // 0x00003850 
, 0x85, 0x7F, 0xB1, 0x7E, 0x91, 0x64, 0xC8, 0xD0, 0xF9, 0xA0, 0x10, 0xA5, 0x64, 0xC9, 0xD8, 0xF0 // 0x00003860 
, 0x0B, 0x18, 0x69, 0xF0, 0x85, 0x64, 0x90, 0xDD, 0xE6, 0x65, 0xD0, 0xD9, 0xA6, 0x6A, 0xCA, 0x86 // 0x00003870 
, 0x7F, 0xA2, 0xD8, 0x86, 0x7E, 0xA9, 0x00, 0xA0, 0x27, 0x91, 0x7E, 0x88, 0x10, 0xFB, 0xA9, 0x00 // 0x00003880 
, 0x85, 0x63, 0xA5, 0x54, 0x85, 0x51, 0xA5, 0x51, 0x20, 0x5A, 0xF7, 0xB0, 0x0C, 0xA5, 0x63, 0x18 // 0x00003890 
, 0x69, 0x28, 0x85, 0x63, 0xC6, 0x51, 0x4C, 0x96, 0xF8, 0x18, 0xA5, 0x63, 0x65, 0x55, 0x85, 0x63 // 0x000038A0 
, 0x60, 0x20, 0x4C, 0xF9, 0xA5, 0x63, 0x48, 0xA5, 0x6C, 0x85, 0x54, 0xA5, 0x6D, 0x85, 0x55, 0xA9 // 0x000038B0 
, 0x01, 0x85, 0x6B, 0xA2, 0x17, 0xA5, 0x7B, 0x10, 0x02, 0xA2, 0x03, 0xE4, 0x54, 0xD0, 0x0B, 0xA5 // 0x000038C0 
, 0x55, 0xC5, 0x53, 0xD0, 0x05, 0xE6, 0x6B, 0x4C, 0xEA, 0xF8, 0x20, 0x0A, 0xF6, 0xE6, 0x6B, 0xA5 // 0x000038D0 
, 0x63, 0xC5, 0x52, 0xD0, 0xDE, 0xC6, 0x54, 0x20, 0x00, 0xF4, 0x20, 0x8F, 0xF1, 0xD0, 0x17, 0xC6 // 0x000038E0 
, 0x6B, 0xA5, 0x63, 0xC5, 0x52, 0xF0, 0x0F, 0x20, 0x00, 0xF4, 0xA5, 0x55, 0xC5, 0x53, 0xD0, 0x02 // 0x000038F0 
, 0xC6, 0x54, 0xA5, 0x6B, 0xD0, 0xE4, 0x68, 0x85, 0x63, 0x4C, 0x57, 0xF9, 0x20, 0x8E, 0xF8, 0xA5 // 0x00003900 
, 0x51, 0x85, 0x6C, 0xA5, 0x52, 0x85, 0x6D, 0x60, 0xA5, 0x63, 0xC5, 0x52, 0xD0, 0x02, 0xC6, 0x54 // 0x00003910 
, 0x20, 0x8E, 0xF8, 0xA5, 0x63, 0xC5, 0x52, 0xF0, 0xEE, 0x20, 0xAC, 0xF5, 0xA5, 0x53, 0x38, 0xE5 // 0x00003920 
, 0x52, 0xA8, 0xB1, 0x64, 0xD0, 0xE1, 0x88, 0x10, 0xF9, 0x4C, 0x27, 0xF5, 0xA2, 0x2D, 0xBD, 0x0D // 0x00003930 
, 0xFB, 0xCD, 0xFB, 0x02, 0xF0, 0x05, 0xCA, 0xCA, 0xCA, 0x10, 0xF3, 0x60, 0xA2, 0x02, 0xB5, 0x54 // 0x00003940 
, 0x9D, 0xB8, 0x02, 0xCA, 0x10, 0xF8, 0x60, 0xA2, 0x02, 0xBD, 0xB8, 0x02, 0x95, 0x54, 0xCA, 0x10 // 0x00003950 
, 0xF8, 0x60, 0xAD, 0xBF, 0x02, 0xC9, 0x18, 0xF0, 0x17, 0xA2, 0x0B, 0xB5, 0x54, 0x48, 0xBD, 0x90 // 0x00003960 
, 0x02, 0x95, 0x54, 0x68, 0x9D, 0x90, 0x02, 0xCA, 0x10, 0xF1, 0xA5, 0x7B, 0x49, 0xFF, 0x85, 0x7B // 0x00003970 
, 0x4C, 0x1E, 0xF2, 0xA2, 0x7E, 0x48, 0x8E, 0x1F, 0xD0, 0xAD, 0x0B, 0xD4, 0xCD, 0x0B, 0xD4, 0xF0 // 0x00003980 
, 0xFB, 0xCA, 0xCA, 0x10, 0xF1, 0x68, 0x60, 0xA9, 0x00, 0xA6, 0x7B, 0xD0, 0x04, 0xA6, 0x57, 0xD0 // 0x00003990 
, 0x02, 0xA5, 0x52, 0x85, 0x55, 0x60, 0xA5, 0x58, 0x85, 0x64, 0xA5, 0x59, 0x85, 0x65, 0x60, 0xA2 // 0x000039A0 
, 0x00, 0xA5, 0x22, 0xC9, 0x11, 0xF0, 0x08, 0xC9, 0x12, 0xF0, 0x03, 0xA0, 0x84, 0x60, 0xE8, 0x8E // 0x000039B0 
, 0xB7, 0x02, 0xA5, 0x54, 0x8D, 0xF5, 0x02, 0xA5, 0x55, 0x8D, 0xF6, 0x02, 0xA5, 0x56, 0x8D, 0xF7 // 0x000039C0 
, 0x02, 0xA9, 0x01, 0x8D, 0xF8, 0x02, 0x8D, 0xF9, 0x02, 0x38, 0xAD, 0xF5, 0x02, 0xE5, 0x5A, 0x85 // 0x000039D0 
, 0x76, 0xB0, 0x0E, 0xA9, 0xFF, 0x8D, 0xF8, 0x02, 0xA5, 0x76, 0x49, 0xFF, 0x18, 0x69, 0x01, 0x85 // 0x000039E0 
, 0x76, 0x38, 0xAD, 0xF6, 0x02, 0xE5, 0x5B, 0x85, 0x77, 0xAD, 0xF7, 0x02, 0xE5, 0x5C, 0x85, 0x78 // 0x000039F0 
, 0xB0, 0x17, 0xA9, 0xFF, 0x8D, 0xF9, 0x02, 0xA5, 0x77, 0x49, 0xFF, 0x85, 0x77, 0xA5, 0x78, 0x49 // 0x00003A00 
, 0xFF, 0x85, 0x78, 0xE6, 0x77, 0xD0, 0x02, 0xE6, 0x78, 0xA2, 0x02, 0xA0, 0x00, 0x84, 0x73, 0x98 // 0x00003A10 
, 0x95, 0x70, 0xB5, 0x5A, 0x95, 0x54, 0xCA, 0x10, 0xF6, 0xA5, 0x77, 0xE8, 0xA8, 0xA5, 0x78, 0x85 // 0x00003A20 
, 0x7F, 0x85, 0x75, 0xD0, 0x0B, 0xA5, 0x77, 0xC5, 0x76, 0xB0, 0x05, 0xA5, 0x76, 0xA2, 0x02, 0xA8 // 0x00003A30 
, 0x98, 0x85, 0x7E, 0x85, 0x74, 0x48, 0xA5, 0x75, 0x4A, 0x68, 0x6A, 0x95, 0x70, 0xA5, 0x7E, 0x05 // 0x00003A40 
, 0x7F, 0xD0, 0x03, 0x4C, 0x01, 0xFB, 0x18, 0xA5, 0x70, 0x65, 0x76, 0x85, 0x70, 0x90, 0x02, 0xE6 // 0x00003A50 
, 0x71, 0xA5, 0x71, 0xC5, 0x75, 0x90, 0x15, 0xD0, 0x06, 0xA5, 0x70, 0xC5, 0x74, 0x90, 0x0D, 0x18 // 0x00003A60 
, 0xA5, 0x54, 0x6D, 0xF8, 0x02, 0x85, 0x54, 0xA2, 0x00, 0x20, 0xAE, 0xF6, 0x18, 0xA5, 0x72, 0x65 // 0x00003A70 
, 0x77, 0x85, 0x72, 0xA5, 0x73, 0x65, 0x78, 0x85, 0x73, 0xC5, 0x75, 0x90, 0x28, 0xD0, 0x06, 0xA5 // 0x00003A80 
, 0x72, 0xC5, 0x74, 0x90, 0x20, 0x2C, 0xF9, 0x02, 0x10, 0x10, 0xC6, 0x55, 0xA5, 0x55, 0xC9, 0xFF // 0x00003A90 
, 0xD0, 0x0E, 0xA5, 0x56, 0xF0, 0x0A, 0xC6, 0x56, 0x10, 0x06, 0xE6, 0x55, 0xD0, 0x02, 0xE6, 0x56 // 0x00003AA0 
, 0xA2, 0x02, 0x20, 0xAE, 0xF6, 0x20, 0xCA, 0xF6, 0x20, 0xCA, 0xF1, 0xAD, 0xB7, 0x02, 0xF0, 0x2F // 0x00003AB0 
, 0x20, 0x4C, 0xF9, 0xAD, 0xFB, 0x02, 0x8D, 0xBC, 0x02, 0xA5, 0x54, 0x48, 0x20, 0x12, 0xF6, 0x68 // 0x00003AC0 
, 0x85, 0x54, 0x20, 0xCA, 0xF6, 0x20, 0x8F, 0xF1, 0xD0, 0x0C, 0xAD, 0xFD, 0x02, 0x8D, 0xFB, 0x02 // 0x00003AD0 
, 0x20, 0xCA, 0xF1, 0x4C, 0xC9, 0xFA, 0xAD, 0xBC, 0x02, 0x8D, 0xFB, 0x02, 0x20, 0x57, 0xF9, 0x38 // 0x00003AE0 
, 0xA5, 0x7E, 0xE9, 0x01, 0x85, 0x7E, 0xA5, 0x7F, 0xE9, 0x00, 0x85, 0x7F, 0x30, 0x03, 0x4C, 0x4D // 0x00003AF0 
, 0xFA, 0x4C, 0x1E, 0xF2, 0x00, 0x01, 0x03, 0x07, 0x28, 0xCA, 0x94, 0x46, 0x00, 0x1B, 0xE0, 0xF3 // 0x00003B00 
, 0x1C, 0xE6, 0xF3, 0x1D, 0xF3, 0xF3, 0x1E, 0x00, 0xF4, 0x1F, 0x11, 0xF4, 0x7D, 0x20, 0xF4, 0x7E // 0x00003B10 
, 0x50, 0xF4, 0x7F, 0x7A, 0xF4, 0x9B, 0x61, 0xF6, 0x9C, 0x20, 0xF5, 0x9D, 0x0C, 0xF5, 0x9E, 0x9A // 0x00003B20 
, 0xF4, 0x9F, 0x95, 0xF4, 0xFD, 0x56, 0xF5, 0xFE, 0xD5, 0xF4, 0xFF, 0x9F, 0xF4, 0x1C, 0x40, 0xF4 // 0x00003B30 
, 0x1D, 0x5F, 0xF5, 0x1E, 0x1B, 0xF4, 0x1F, 0x0A, 0xF4, 0x40, 0x00, 0x20, 0x60, 0x20, 0x40, 0x00 // 0x00003B40 
, 0x60, 0x6C, 0x6A, 0x3B, 0x8A, 0x8B, 0x6B, 0x2B, 0x2A, 0x6F, 0x80, 0x70, 0x75, 0x9B, 0x69, 0x2D // 0x00003B50 
, 0x3D, 0x76, 0x80, 0x63, 0x8C, 0x8D, 0x62, 0x78, 0x7A, 0x34, 0x80, 0x33, 0x36, 0x1B, 0x35, 0x32 // 0x00003B60 
, 0x31, 0x2C, 0x20, 0x2E, 0x6E, 0x80, 0x6D, 0x2F, 0x81, 0x72, 0x80, 0x65, 0x79, 0x7F, 0x74, 0x77 // 0x00003B70 
, 0x71, 0x39, 0x80, 0x30, 0x37, 0x7E, 0x38, 0x3C, 0x3E, 0x66, 0x68, 0x64, 0x80, 0x82, 0x67, 0x73 // 0x00003B80 
, 0x61, 0x4C, 0x4A, 0x3A, 0x8A, 0x8B, 0x4B, 0x5C, 0x5E, 0x4F, 0x80, 0x50, 0x55, 0x9B, 0x49, 0x5F // 0x00003B90 
, 0x7C, 0x56, 0x80, 0x43, 0x8C, 0x8D, 0x42, 0x58, 0x5A, 0x24, 0x80, 0x23, 0x26, 0x1B, 0x25, 0x22 // 0x00003BA0 
, 0x21, 0x5B, 0x20, 0x5D, 0x4E, 0x80, 0x4D, 0x3F, 0x81, 0x52, 0x80, 0x45, 0x59, 0x9F, 0x54, 0x57 // 0x00003BB0 
, 0x51, 0x28, 0x80, 0x29, 0x27, 0x9C, 0x40, 0x7D, 0x9D, 0x46, 0x48, 0x44, 0x80, 0x83, 0x47, 0x53 // 0x00003BC0 
, 0x41, 0x0C, 0x0A, 0x7B, 0x80, 0x80, 0x0B, 0x1E, 0x1F, 0x0F, 0x80, 0x10, 0x15, 0x9B, 0x09, 0x1C // 0x00003BD0 
, 0x1D, 0x16, 0x80, 0x03, 0x89, 0x80, 0x02, 0x18, 0x1A, 0x80, 0x80, 0x85, 0x80, 0x1B, 0x80, 0xFD // 0x00003BE0 
, 0x80, 0x00, 0x20, 0x60, 0x0E, 0x80, 0x0D, 0x80, 0x81, 0x12, 0x80, 0x05, 0x19, 0x9E, 0x14, 0x17 // 0x00003BF0 
, 0x11, 0x80, 0x80, 0x80, 0x80, 0xFE, 0x80, 0x7D, 0xFF, 0x06, 0x08, 0x04, 0x80, 0x84, 0x07, 0x13 // 0x00003C00 
, 0x01, 0x1C, 0x1D, 0x1E, 0x1F, 0x8E, 0x8F, 0x90, 0x91, 0x8A, 0x48, 0x98, 0x48, 0xAC, 0x01, 0xD3 // 0x00003C10 
, 0xAD, 0x09, 0xD2, 0xCD, 0xF2, 0x02, 0xD0, 0x05, 0xAE, 0xF1, 0x02, 0xD0, 0x49, 0xAE, 0x6D, 0x02 // 0x00003C20 
, 0xC9, 0x83, 0xD0, 0x13, 0x8A, 0x49, 0xFF, 0x8D, 0x6D, 0x02, 0xD0, 0x05, 0x98, 0x09, 0x04, 0xD0 // 0x00003C30 
, 0x03, 0x98, 0x29, 0xFB, 0xA8, 0xB0, 0x26, 0x8A, 0xD0, 0x3D, 0xAD, 0x09, 0xD2, 0xAA, 0xC9, 0x9F // 0x00003C40 
, 0xD0, 0x0A, 0xAD, 0xFF, 0x02, 0x49, 0xFF, 0x8D, 0xFF, 0x02, 0xB0, 0x11, 0x29, 0x3F, 0xC9, 0x11 // 0x00003C50 
, 0xD0, 0x2E, 0x8E, 0xDC, 0x02, 0xF0, 0x06, 0x8E, 0xFC, 0x02, 0x8E, 0xF2, 0x02, 0xA9, 0x03, 0x8D // 0x00003C60 
, 0xF1, 0x02, 0xA9, 0x00, 0x85, 0x4D, 0xAD, 0xD9, 0x02, 0x8D, 0x2B, 0x02, 0xAD, 0x2F, 0x02, 0xD0 // 0x00003C70 
, 0x06, 0xAD, 0xDD, 0x02, 0x8D, 0x2F, 0x02, 0x8C, 0x01, 0xD3, 0x68, 0xA8, 0x68, 0xAA, 0x68, 0x40 // 0x00003C80 
, 0xE0, 0x84, 0xF0, 0x21, 0xE0, 0x94, 0xD0, 0xCF, 0xAD, 0xF4, 0x02, 0xAE, 0x6B, 0x02, 0x8D, 0x6B // 0x00003C90 
, 0x02, 0x8E, 0xF4, 0x02, 0xE0, 0xCC, 0xF0, 0x06, 0x98, 0x09, 0x08, 0xA8, 0xD0, 0xBF, 0x98, 0x29 // 0x00003CA0 
, 0xF7, 0xA8, 0x4C, 0x6D, 0xFC, 0xAD, 0x2F, 0x02, 0xF0, 0xCD, 0x8D, 0xDD, 0x02, 0xA9, 0x00, 0x8D // 0x00003CB0 
, 0x2F, 0x02, 0xF0, 0xC3, 0x48, 0xAD, 0xC6, 0x02, 0x4D, 0x4F, 0x00, 0x2D, 0x4E, 0x00, 0x8D, 0x0A // 0x00003CC0 
, 0xD4, 0x8D, 0x17, 0xD0, 0x68, 0x40, 0x00, 0x00, 0x4C, 0x83, 0xF9, 0xA9, 0xCC, 0x8D, 0xEE, 0x02 // 0x00003CD0 
, 0xA9, 0x05, 0x8D, 0xEF, 0x02, 0x60, 0xA5, 0x2B, 0x85, 0x3E, 0xA5, 0x2A, 0x29, 0x0C, 0xC9, 0x04 // 0x00003CE0 
, 0xF0, 0x05, 0xC9, 0x08, 0xF0, 0x3E, 0x60, 0xA9, 0x00, 0x8D, 0x89, 0x02, 0x85, 0x3F, 0xA9, 0x01 // 0x00003CF0 
, 0x20, 0xFC, 0xFD, 0x30, 0x29, 0xA9, 0x34, 0x8D, 0x02, 0xD3, 0xA6, 0x62, 0xBC, 0x93, 0xFE, 0xBD // 0x00003D00 
, 0x91, 0xFE, 0xAA, 0xA9, 0x03, 0x8D, 0x2A, 0x02, 0x20, 0x5C, 0xE4, 0xAD, 0x2A, 0x02, 0xD0, 0xFB // 0x00003D10 
, 0xA9, 0x80, 0x85, 0x3D, 0x8D, 0x8A, 0x02, 0x4C, 0x77, 0xFD, 0xA0, 0x80, 0xC6, 0x11, 0xA9, 0x00 // 0x00003D20 
, 0x8D, 0x89, 0x02, 0x60, 0xA9, 0x80, 0x8D, 0x89, 0x02, 0xA9, 0x02, 0x20, 0xFC, 0xFD, 0x30, 0xEE // 0x00003D30 
, 0xA9, 0xCC, 0x8D, 0x04, 0xD2, 0xA9, 0x05, 0x8D, 0x06, 0xD2, 0xA9, 0x60, 0x8D, 0x00, 0x03, 0x20 // 0x00003D40 
, 0x68, 0xE4, 0xA9, 0x34, 0x8D, 0x02, 0xD3, 0xA6, 0x62, 0xBC, 0x8F, 0xFE, 0xBD, 0x8D, 0xFE, 0xAA // 0x00003D50 
, 0xA9, 0x03, 0x20, 0x5C, 0xE4, 0xA9, 0xFF, 0x8D, 0x2A, 0x02, 0xA5, 0x11, 0xF0, 0xBC, 0xAD, 0x2A // 0x00003D60 
, 0x02, 0xD0, 0xF7, 0xA9, 0x00, 0x85, 0x3D, 0xA0, 0x01, 0x60, 0xA5, 0x3F, 0x30, 0x33, 0xA6, 0x3D // 0x00003D70 
, 0xEC, 0x8A, 0x02, 0xF0, 0x08, 0xBD, 0x00, 0x04, 0xE6, 0x3D, 0xA0, 0x01, 0x60, 0xA9, 0x52, 0x20 // 0x00003D80 
, 0x3F, 0xFE, 0x98, 0x30, 0xF7, 0xA9, 0x00, 0x85, 0x3D, 0xA2, 0x80, 0xAD, 0xFF, 0x03, 0xC9, 0xFE // 0x00003D90 
, 0xF0, 0x0D, 0xC9, 0xFA, 0xD0, 0x03, 0xAE, 0x7F, 0x04, 0x8E, 0x8A, 0x02, 0x4C, 0x7A, 0xFD, 0xC6 // 0x00003DA0 
, 0x3F, 0xA0, 0x88, 0x60, 0xA6, 0x3D, 0x9D, 0x00, 0x04, 0xE6, 0x3D, 0xA0, 0x01, 0xE0, 0x7F, 0xF0 // 0x00003DB0 
, 0x01, 0x60, 0xA9, 0xFC, 0x20, 0x7C, 0xFE, 0xA9, 0x00, 0x85, 0x3D, 0x60, 0xA0, 0x01, 0x60, 0xAD // 0x00003DC0 
, 0x89, 0x02, 0x30, 0x08, 0xA0, 0x01, 0xA9, 0x3C, 0x8D, 0x02, 0xD3, 0x60, 0xA6, 0x3D, 0xF0, 0x0A // 0x00003DD0 
, 0x8E, 0x7F, 0x04, 0xA9, 0xFA, 0x20, 0x7C, 0xFE, 0x30, 0xEC, 0xA2, 0x7F, 0xA9, 0x00, 0x9D, 0x00 // 0x00003DE0 
, 0x04, 0xCA, 0x10, 0xFA, 0xA9, 0xFE, 0x20, 0x7C, 0xFE, 0x4C, 0xD6, 0xFD, 0x85, 0x40, 0xA5, 0x14 // 0x00003DF0 
, 0x18, 0xA6, 0x62, 0x7D, 0x95, 0xFE, 0xAA, 0xA9, 0xFF, 0x8D, 0x1F, 0xD0, 0xA9, 0x00, 0xA0, 0xF0 // 0x00003E00 
, 0x88, 0xD0, 0xFD, 0x8D, 0x1F, 0xD0, 0xA0, 0xF0, 0x88, 0xD0, 0xFD, 0xE4, 0x14, 0xD0, 0xE8, 0xC6 // 0x00003E10 
, 0x40, 0xF0, 0x0E, 0x8A, 0x18, 0xA6, 0x62, 0x7D, 0x97, 0xFE, 0xAA, 0xE4, 0x14, 0xD0, 0xFC, 0xF0 // 0x00003E20 
, 0xCD, 0x20, 0x36, 0xFE, 0x98, 0x60, 0xAD, 0x25, 0xE4, 0x48, 0xAD, 0x24, 0xE4, 0x48, 0x60, 0x8D // 0x00003E30 
, 0x02, 0x03, 0xA9, 0x00, 0x8D, 0x09, 0x03, 0xA9, 0x83, 0x8D, 0x08, 0x03, 0xA9, 0x03, 0x8D, 0x05 // 0x00003E40 
, 0x03, 0xA9, 0xFD, 0x8D, 0x04, 0x03, 0xA9, 0x60, 0x8D, 0x00, 0x03, 0xA9, 0x00, 0x8D, 0x01, 0x03 // 0x00003E50 
, 0xA9, 0x23, 0x8D, 0x06, 0x03, 0xAD, 0x02, 0x03, 0xA0, 0x40, 0xC9, 0x52, 0xF0, 0x02, 0xA0, 0x80 // 0x00003E60 
, 0x8C, 0x03, 0x03, 0xA5, 0x3E, 0x8D, 0x0B, 0x03, 0x20, 0x59, 0xE4, 0x60, 0x8D, 0xFF, 0x03, 0xA9 // 0x00003E70 
, 0x55, 0x8D, 0xFD, 0x03, 0x8D, 0xFE, 0x03, 0xA9, 0x57, 0x20, 0x3F, 0xFE, 0x60, 0x04, 0x03, 0x80 // 0x00003E80 
, 0xC0, 0x02, 0x01, 0x40, 0xE0, 0x1E, 0x19, 0x0A, 0x08, 0xA9, 0x1E, 0x8D, 0x14, 0x03, 0x60, 0xEA // 0x00003E90 
, 0x02, 0xC0, 0x03, 0xA9, 0x04, 0x8D, 0xDF, 0x02, 0xAE, 0x9F, 0xFE, 0xAC, 0xA0, 0xFE, 0xA9, 0x53 // 0x00003EA0 
, 0x8D, 0x02, 0x03, 0x8D, 0x0A, 0x03, 0x20, 0x14, 0xFF, 0x20, 0x59, 0xE4, 0x30, 0x03, 0x20, 0x44 // 0x00003EB0 
, 0xFF, 0x60, 0x20, 0xA3, 0xFE, 0xA9, 0x00, 0x8D, 0xDE, 0x02, 0x60, 0x48, 0xBD, 0x41, 0x03, 0x85 // 0x00003EC0 
, 0x21, 0x20, 0x4B, 0xFF, 0xAE, 0xDE, 0x02, 0x68, 0x9D, 0xC0, 0x03, 0xE8, 0xEC, 0xDF, 0x02, 0xF0 // 0x00003ED0 
, 0x15, 0x8E, 0xDE, 0x02, 0xC9, 0x9B, 0xF0, 0x03, 0xA0, 0x01, 0x60, 0xA9, 0x20, 0x9D, 0xC0, 0x03 // 0x00003EE0 
, 0xE8, 0xEC, 0xDF, 0x02, 0xD0, 0xF7, 0xA9, 0x00, 0x8D, 0xDE, 0x02, 0xAE, 0xA1, 0xFE, 0xAC, 0xA2 // 0x00003EF0 
, 0xFE, 0x20, 0x14, 0xFF, 0x4C, 0x59, 0xE4, 0x20, 0x4B, 0xFF, 0xA9, 0x9B, 0xAE, 0xDE, 0x02, 0xD0 // 0x00003F00 
, 0xDC, 0xA0, 0x01, 0x60, 0x8E, 0x04, 0x03, 0x8C, 0x05, 0x03, 0xA9, 0x40, 0x8D, 0x00, 0x03, 0xA5 // 0x00003F10 
, 0x21, 0x8D, 0x01, 0x03, 0xA9, 0x80, 0xAE, 0x02, 0x03, 0xE0, 0x53, 0xD0, 0x02, 0xA9, 0x40, 0x8D // 0x00003F20 
, 0x03, 0x03, 0xAD, 0xDF, 0x02, 0x8D, 0x08, 0x03, 0xA9, 0x00, 0x8D, 0x09, 0x03, 0xAD, 0x14, 0x03 // 0x00003F30 
, 0x8D, 0x06, 0x03, 0x60, 0xAD, 0xEC, 0x02, 0x8D, 0x14, 0x03, 0x60, 0xA0, 0x57, 0xA5, 0x2B, 0xC9 // 0x00003F40 
, 0x4E, 0xD0, 0x04, 0xA2, 0x28, 0xD0, 0x0E, 0xC9, 0x44, 0xD0, 0x04, 0xA2, 0x14, 0xD0, 0x06, 0xC9 // 0x00003F50 
, 0x53, 0xD0, 0x0C, 0xA2, 0x1D, 0x8E, 0xDF, 0x02, 0x8C, 0x02, 0x03, 0x8D, 0x0A, 0x03, 0x60, 0xA9 // 0x00003F60 
, 0x4E, 0xD0, 0xDC, 0xA2, 0x00, 0x86, 0x8B, 0x86, 0x8C, 0x20, 0xA9, 0xFF, 0xE0, 0x0C, 0xD0, 0xF9 // 0x00003F70 
, 0xAD, 0x00, 0xC0, 0xAE, 0x01, 0xC0, 0xC5, 0x8B, 0xD0, 0x06, 0xE4, 0x8C, 0xD0, 0x02, 0x18, 0x60 // 0x00003F80 
, 0x38, 0x60, 0xA2, 0x00, 0x86, 0x8B, 0x86, 0x8C, 0xA2, 0x0C, 0x20, 0xA9, 0xFF, 0x20, 0xA9, 0xFF // 0x00003F90 
, 0xAD, 0xF8, 0xFF, 0xAE, 0xF9, 0xFF, 0x4C, 0x86, 0xFF, 0xA0, 0x00, 0xBD, 0xD7, 0xFF, 0x99, 0x9E // 0x00003FA0 
, 0x00, 0xE8, 0xC8, 0xC0, 0x04, 0xD0, 0xF4, 0xA0, 0x00, 0x18, 0xB1, 0x9E, 0x65, 0x8B, 0x85, 0x8B // 0x00003FB0 
, 0x90, 0x02, 0xE6, 0x8C, 0xE6, 0x9E, 0xD0, 0x02, 0xE6, 0x9F, 0xA5, 0x9E, 0xC5, 0xA0, 0xD0, 0xE9 // 0x00003FC0 
, 0xA5, 0x9F, 0xC5, 0xA1, 0xD0, 0xE3, 0x60, 0x02, 0xC0, 0x00, 0xD0, 0x00, 0x50, 0x00, 0x58, 0x00 // 0x00003FD0 
, 0xD8, 0x00, 0xE0, 0x00, 0xE0, 0xF8, 0xFF, 0xFA, 0xFF, 0x00, 0x00, 0x00, 0x00, 0x00, 0x10, 0x05 // 0x00003FE0 
, 0x83, 0x02, 0x42, 0x42, 0x00, 0x00, 0x01, 0x02, 0x8C, 0x6C, 0x18, 0xC0, 0xAA, 0xC2, 0x2C, 0xC0
};
